Date,Price,Open,High,Low
25/01/2021,24.02,24.2,24.22,23.78
22/01/2021,24.41,24.38,24.49,24.22
21/01/2021,24.93,25.13,25.21,24.87
20/01/2021,25.04,24.91,25.13,24.84
19/01/2021,24.15,24.52,24.6,24.04
15/01/2021,24.49,24.57,24.62,24.42
14/01/2021,24.91,24.96,25.09,24.87
13/01/2021,24.66,24.73,24.78,24.56
12/01/2021,24.62,24.5,24.77,24.5
11/01/2021,24.38,24.35,24.48,24.32
08/01/2021,24.52,24.32,24.56,24.27
07/01/2021,23.81,23.88,23.97,23.78
06/01/2021,24,23.64,24.17,23.62
05/01/2021,24.31,24.03,24.38,24.02
04/01/2021,23.83,24.13,24.24,23.68
31/12/2020,23.42,23.57,23.57,23.14
30/12/2020,23.31,23.36,23.44,23.2
29/12/2020,23.57,23.39,23.6,23.33
28/12/2020,23.72,23.58,23.75,23.5
24/12/2020,23.2,23.09,23.21,22.99
23/12/2020,22.98,22.84,23.02,22.8
22/12/2020,22.8,23.12,23.12,22.72
21/12/2020,23.87,23.8,23.91,23.69
18/12/2020,23.96,24.04,24.06,23.86
17/12/2020,24.09,24.04,24.11,24.02
16/12/2020,24.04,23.96,24.11,23.94
15/12/2020,23.58,23.34,23.6,23.26
14/12/2020,23.1,23.34,23.39,23.1
11/12/2020,23.14,23.13,23.2,23.06
10/12/2020,23.4,23.08,23.43,23.05
09/12/2020,23.06,23.27,23.27,22.9
08/12/2020,23.04,23.12,23.12,22.97
07/12/2020,23.13,23.05,23.25,22.98
04/12/2020,22.74,22.53,22.76,22.53
03/12/2020,22.72,22.75,22.98,22.71
02/12/2020,22.75,22.57,22.83,22.57
01/12/2020,22.5,22.3,22.58,22.25
30/11/2020,21.76,21.93,21.97,21.74
27/11/2020,22.68,22.62,22.86,22.62
25/11/2020,22.31,22.27,22.34,22.09
24/11/2020,22.46,22.27,22.49,22.11
23/11/2020,21.96,22.1,22.17,21.89
20/11/2020,21.58,21.72,21.75,21.58
19/11/2020,21.72,21.66,21.75,21.62
18/11/2020,21.67,21.85,21.9,21.65
17/11/2020,21.82,21.72,21.98,21.67
16/11/2020,21.59,21.7,21.88,21.52
13/11/2020,21.36,21.22,21.39,21.2
12/11/2020,21.1,21.36,21.49,21.03
11/11/2020,21.62,21.63,21.67,21.47
10/11/2020,21.74,21.37,21.81,21.37
09/11/2020,21.19,21.35,21.56,21.12
06/11/2020,20.44,20.44,20.52,20.27
05/11/2020,20.32,20.01,20.39,19.93
04/11/2020,19.39,19.05,19.47,19.01
03/11/2020,19.07,18.98,19.18,18.97
02/11/2020,18.7,18.66,18.72,18.52
30/10/2020,18.28,18.21,18.28,18.11
29/10/2020,18.28,18.24,18.35,18.14
28/10/2020,18.27,18.46,18.47,18.21
27/10/2020,18.79,18.9,18.9,18.69
26/10/2020,18.84,18.8,18.91,18.7
23/10/2020,18.9,18.67,18.9,18.67
22/10/2020,18.7,18.75,18.75,18.61
21/10/2020,18.85,18.53,18.88,18.53
20/10/2020,18.45,18.49,18.57,18.38
19/10/2020,18.42,18.54,18.66,18.4
16/10/2020,18.36,18.4,18.47,18.35
15/10/2020,18.34,18.35,18.4,18.25
14/10/2020,18.57,18.62,18.72,18.55
13/10/2020,18.35,18.39,18.44,18.26
12/10/2020,18.37,18.35,18.46,18.32
11/10/2020,18.36,18.36,18.36,18.36
09/10/2020,18.36,18.27,18.4,18.18
08/10/2020,18.21,18.14,18.25,18.13
07/10/2020,18.06,18.03,18.11,18
06/10/2020,17.99,17.91,18.17,17.91
05/10/2020,17.89,17.79,17.96,17.79
04/10/2020,17.41,17.41,17.41,17.41
03/10/2020,17.41,17.41,17.41,17.41
02/10/2020,17.41,17.28,17.54,17.28
01/10/2020,17.7,17.6,17.74,17.52
30/09/2020,17.27,17.22,17.41,17.22
29/09/2020,17.28,17.23,17.33,17.17
28/09/2020,17.37,17.42,17.42,17.31
27/09/2020,17.42,17.42,17.42,17.42
26/09/2020,17.42,17.42,17.42,17.42
25/09/2020,17.42,17.2,17.42,17.19
24/09/2020,16.97,16.9,17.01,16.78
23/09/2020,17.07,17.29,17.31,17.03
22/09/2020,17.48,17.57,17.57,17.3
21/09/2020,17.71,17.67,17.71,17.42
18/09/2020,18.06,18.19,18.19,18.01
17/09/2020,18.15,18,18.15,17.96
16/09/2020,18.16,18.25,18.33,18.12
15/09/2020,18.45,18.63,18.63,18.39
14/09/2020,18.51,18.64,18.64,18.5
13/09/2020,17.81,17.81,17.81,17.81
11/09/2020,17.81,18,18,17.75
10/09/2020,17.38,17.66,17.88,17.36
09/09/2020,18.97,19,19.04,18.91
08/09/2020,19.17,19.11,19.36,19.01
04/09/2020,19.38,19.32,19.52,19.11
03/09/2020,19.31,19.38,19.48,19.08
02/09/2020,19.61,19.6,19.64,19.37
01/09/2020,19.58,19.66,19.73,19.53
31/08/2020,19.61,19.63,19.64,19.39
30/08/2020,20.24,20.24,20.24,20.24
28/08/2020,20.24,20.19,20.26,20.13
27/08/2020,19.9,20.17,20.17,19.82
26/08/2020,20.24,20.13,20.28,20.08
25/08/2020,20.24,20.16,20.27,20.15
24/08/2020,19.75,19.87,19.88,19.73
23/08/2020,19.49,19.49,19.49,19.49
22/08/2020,19.49,19.49,19.49,19.49
21/08/2020,19.49,19.52,19.55,19.41
20/08/2020,19.57,19.3,19.57,19.25
19/08/2020,19.57,19.77,19.8,19.53
18/08/2020,19.74,19.7,19.77,19.57
17/08/2020,19.62,19.45,19.69,19.45
14/08/2020,19.43,19.33,19.5,19.29
13/08/2020,19.34,19.32,19.44,19.32
12/08/2020,19.38,19.27,19.5,19.27
11/08/2020,18.96,19.28,19.3,18.95
10/08/2020,19.07,18.81,19.08,18.81
09/08/2020,18.81,18.81,18.81,18.81
08/08/2020,18.81,18.81,18.81,18.81
07/08/2020,18.81,18.84,18.93,18.74
06/08/2020,19.22,19.05,19.26,19.04
05/08/2020,19.1,18.95,19.2,18.94
04/08/2020,18.68,18.22,18.68,18.22
03/08/2020,18.22,18.27,18.27,18.16
02/08/2020,18.74,18.74,18.74,18.74
31/07/2020,18.74,18.77,18.82,18.52
30/07/2020,18.82,18.95,18.96,18.7
29/07/2020,18.95,18.99,19.05,18.89
28/07/2020,18.98,19.28,19.28,18.98
27/07/2020,19.28,19.15,19.33,19.15
26/07/2020,19.06,19.06,19.06,19.06
25/07/2020,19.06,19.06,19.06,19.06
24/07/2020,19.06,18.88,19.11,18.86
23/07/2020,18.95,19.11,19.14,18.86
22/07/2020,19.11,19.09,19.17,18.98
21/07/2020,19.01,18.96,19.08,18.96
20/07/2020,18.6,18.52,18.64,18.51
17/07/2020,18.84,19,19,18.72
16/07/2020,19.03,19.03,19.13,19.01
15/07/2020,19.12,19.17,19.25,19.1
14/07/2020,19.29,18.88,19.32,18.88
13/07/2020,19.02,19.15,19.29,18.96
12/07/2020,19.01,19.01,19.01,19.01
11/07/2020,19.01,19.01,19.01,19.01
10/07/2020,19.01,18.98,19.05,18.91
09/07/2020,19.07,19.17,19.22,18.83
08/07/2020,19.36,19.14,19.36,19.1
07/07/2020,18.92,18.79,19.03,18.75
06/07/2020,18.86,18.77,18.95,18.77
05/07/2020,18.5,18.5,18.5,18.5
04/07/2020,18.5,18.5,18.5,18.5
02/07/2020,18.5,18.51,18.7,18.43
01/07/2020,18.24,18.14,18.37,18.14
30/06/2020,18,18.12,18.13,17.9
29/06/2020,18.33,18.21,18.35,18.11
26/06/2020,18.16,18.37,18.4,18.07
25/06/2020,18.61,18.54,18.64,18.46
24/06/2020,18.59,18.75,18.79,18.54
23/06/2020,18.55,18.63,18.69,18.52
22/06/2020,18.59,18.45,18.66,18.42
19/06/2020,18.54,18.82,18.82,18.46
18/06/2020,18.62,18.59,18.7,18.54
17/06/2020,18.75,18.86,18.99,18.75
16/06/2020,18.89,19.28,19.28,18.68
15/06/2020,18.29,17.96,18.42,17.88
12/06/2020,18.48,18.71,18.76,18.21
11/06/2020,17.85,18.32,18.43,17.85
10/06/2020,19.15,18.92,19.2,18.81
09/06/2020,19.65,19.5,19.72,19.43
08/06/2020,20.35,20.09,20.35,19.97
07/06/2020,19.51,19.51,19.51,19.51
05/06/2020,19.51,19.59,19.69,19.37
04/06/2020,19.02,19.23,19.23,18.89
03/06/2020,19.68,19.35,19.77,19.31
02/06/2020,18.8,18.43,18.81,18.36
01/06/2020,17.88,17.61,17.89,17.55
29/05/2020,17.31,17.34,17.41,17.04
28/05/2020,16.9,16.97,17.11,16.87
27/05/2020,16.52,16.51,16.52,16.31
26/05/2020,16.49,16.65,16.72,16.47
22/05/2020,15.74,15.96,15.96,15.69
21/05/2020,16.1,16.16,16.26,16.04
20/05/2020,16.26,16.27,16.32,16.2
19/05/2020,16.04,16.14,16.24,16.04
18/05/2020,16.22,16,16.27,16
15/05/2020,15.63,15.6,15.64,15.48
14/05/2020,15.96,15.55,15.98,15.5
13/05/2020,16.03,16.08,16.18,15.87
12/05/2020,16.11,16.4,16.45,16.11
11/05/2020,16.47,16.41,16.57,16.35
10/05/2020,16.4,16.4,16.4,16.4
09/05/2020,16.4,16.4,16.4,16.4
08/05/2020,16.4,16.32,16.55,16.22
07/05/2020,16.17,16.09,16.22,16.01
06/05/2020,15.88,16.08,16.12,15.84
05/05/2020,15.99,16.21,16.32,15.98
04/05/2020,16.01,15.88,16.04,15.84
03/05/2020,15.55,15.55,15.55,15.55
02/05/2020,15.55,15.55,15.55,15.55
01/05/2020,15.55,15.87,15.93,15.49
30/04/2020,16.29,16.52,16.75,16.16
29/04/2020,16.16,15.73,16.18,15.73
28/04/2020,15.44,15.68,15.69,15.34
27/04/2020,15.44,15.19,15.51,15.19
24/04/2020,15.12,15.13,15.13,14.98
23/04/2020,15.39,15.37,15.74,15.37
22/04/2020,15.19,15.4,15.4,15.17
21/04/2020,14.72,14.86,14.89,14.68
20/04/2020,15.21,15.38,15.5,15.18
17/04/2020,15.67,15.63,15.84,15.48
16/04/2020,14.7,15.06,15.07,14.63
15/04/2020,15.28,15.4,15.4,15.23
14/04/2020,15.87,15.94,16.1,15.76
13/04/2020,15.35,15.53,15.53,15.25
09/04/2020,15.38,15.51,15.8,15.34
08/04/2020,15.32,15.21,15.39,15.01
07/04/2020,15.48,16.07,16.16,15.45
06/04/2020,15.57,15.33,15.72,15.33
03/04/2020,13.97,14.64,14.75,13.87
02/04/2020,14.38,14.08,14.39,14.02
01/04/2020,13.63,13.98,13.98,13.61
31/03/2020,14.73,14.7,14.93,14.56
30/03/2020,14.38,14.49,14.52,14.09
28/03/2020,14.34,14.34,14.34,14.34
27/03/2020,14.34,14.63,14.78,14.3
26/03/2020,15.15,14.4,15.16,14.4
25/03/2020,13.22,12.85,13.36,12.79
24/03/2020,12.69,12.28,12.69,12.25
23/03/2020,11.93,12.44,12.44,11.91
21/03/2020,12.9,12.9,12.9,12.9
20/03/2020,12.9,13.29,13.45,12.76
19/03/2020,13.3,13.17,13.5,13
18/03/2020,14.42,14.58,15.15,14.02
17/03/2020,16.1,15.59,16.1,15.24
16/03/2020,15.5,15.94,16.57,15.4
14/03/2020,18.06,18.06,18.06,18.06
13/03/2020,18.06,18.79,19.17,17.17
12/03/2020,16.82,17.78,17.98,16.62
11/03/2020,19.35,19.73,19.89,19.33
10/03/2020,20.65,20.18,20.65,20.06
09/03/2020,19.4,19.33,19.84,19.05
06/03/2020,21.29,21.25,21.32,21
05/03/2020,21.85,22.18,22.41,21.77
04/03/2020,22.66,22.79,22.89,22.57
03/03/2020,22.19,21.91,22.8,21.91
02/03/2020,21.75,21.07,21.76,20.85
28/02/2020,21.62,21.01,21.66,20.58
27/02/2020,21.58,22,22,21.55
26/02/2020,22.83,22.87,23.09,22.8
25/02/2020,22.87,23.31,23.37,22.87
24/02/2020,23.07,23.01,23.15,22.93
21/02/2020,23.95,23.89,24.14,23.89
20/02/2020,24,24.19,24.27,23.95
19/02/2020,24.39,24.51,24.51,24.32
18/02/2020,24.23,24.24,24.36,24.15
17/02/2020,24.09,24.09,24.09,24.09
14/02/2020,24.09,24.11,24.17,23.98
13/02/2020,24.11,24.25,24.25,24.02
12/02/2020,24.57,24.57,24.59,24.5
11/02/2020,24.62,24.69,24.85,24.61
10/02/2020,24.54,24.48,24.62,24.47
07/02/2020,24.58,24.62,24.64,24.45
06/02/2020,24.88,25.05,25.07,24.88
05/02/2020,24.89,25.01,25.06,24.87
04/02/2020,24.48,24.51,24.62,24.45
03/02/2020,24.15,24.17,24.28,24.04
31/01/2020,24.18,24.28,24.28,23.94
30/01/2020,25.01,24.99,25.08,24.84
29/01/2020,25.42,25.5,25.57,25.38
28/01/2020,25.5,25.39,25.55,25.32
27/01/2020,25.27,25.29,25.39,25.12
24/01/2020,26.09,26.31,26.32,26.01
23/01/2020,26.23,26.19,26.29,25.95
22/01/2020,26.17,26.06,26.21,26.02
21/01/2020,26.06,26.26,26.26,26.02
17/01/2020,26.56,26.39,26.56,26.35
16/01/2020,26.39,26.32,26.45,26.32
15/01/2020,26.09,26.21,26.25,26.02
14/01/2020,26.37,26.35,26.4,26.25
13/01/2020,26.39,26.11,26.39,26.11
10/01/2020,26.07,25.96,26.09,25.93
09/01/2020,25.68,25.82,25.85,25.64
08/01/2020,25.67,25.53,25.8,25.46
07/01/2020,25.47,25.59,25.64,25.43
06/01/2020,25.62,25.33,25.64,25.31
03/01/2020,25.58,25.84,25.88,25.54
02/01/2020,25.94,25.71,25.98,25.69
31/12/2019,25.66,25.56,25.7,25.49
30/12/2019,25.52,25.69,25.74,25.43
27/12/2019,25.68,25.73,25.78,25.61
26/12/2019,25.72,25.75,25.78,25.69
24/12/2019,25.64,25.59,25.72,25.59
23/12/2019,25.65,25.53,25.65,25.5
20/12/2019,25.46,25.41,25.52,25.41
19/12/2019,25.37,25.38,25.44,25.32
18/12/2019,25.57,25.65,25.66,25.52
17/12/2019,25.37,25.27,25.43,25.25
16/12/2019,25.24,25.21,25.31,25.18
13/12/2019,25.07,25.14,25.29,24.95
12/12/2019,25.1,24.77,25.16,24.77
11/12/2019,25.11,25.02,25.18,24.91
10/12/2019,25.07,25.01,25.15,25.01
09/12/2019,24.99,25,25.09,24.96
06/12/2019,25.02,25.07,25.14,25
05/12/2019,24.93,24.92,25.02,24.8
04/12/2019,24.66,24.49,24.68,24.49
03/12/2019,24.43,24.49,24.49,24.27
02/12/2019,24.5,24.52,24.59,24.44
29/11/2019,24.03,24.12,24.16,24.02
27/11/2019,24.24,24.14,24.28,24.11
26/11/2019,24.35,24.35,24.38,24.2
25/11/2019,24.5,24.47,24.57,24.44
22/11/2019,24.51,24.67,24.67,24.5
21/11/2019,24.71,24.75,24.81,24.69
20/11/2019,24.86,24.84,24.96,24.76
19/11/2019,24.71,24.94,24.94,24.71
18/11/2019,24.69,24.69,24.74,24.61
15/11/2019,24.87,24.82,24.91,24.82
14/11/2019,24.49,24.37,24.53,24.37
13/11/2019,24.66,24.64,24.68,24.55
12/11/2019,24.82,24.96,24.97,24.81
11/11/2019,24.95,24.79,25.01,24.79
08/11/2019,25.14,25.12,25.16,25.01
07/11/2019,25.04,25.11,25.14,24.98
06/11/2019,25.3,25.36,25.41,25.16
05/11/2019,25.48,25.63,25.65,25.43
04/11/2019,25.06,25.14,25.27,25.05
01/11/2019,25.24,25,25.25,24.98
31/10/2019,24.96,25.1,25.18,24.89
30/10/2019,25.66,25.47,25.7,25.38
29/10/2019,25.46,25.55,25.57,25.46
28/10/2019,25.65,25.58,25.75,25.52
25/10/2019,25.47,25.25,25.51,25.25
24/10/2019,25.72,25.88,25.89,25.71
23/10/2019,25.5,25.36,25.55,25.36
22/10/2019,25.26,25.24,25.31,25.2
21/10/2019,25.15,25.11,25.21,25.11
18/10/2019,24.93,24.94,25,24.88
17/10/2019,24.75,24.89,24.89,24.72
16/10/2019,24.68,24.52,24.73,24.52
15/10/2019,24.6,24.41,24.64,24.41
14/10/2019,24.3,24.36,24.44,24.3
11/10/2019,24.27,24.19,24.52,24.18
10/10/2019,23.96,23.87,24.05,23.79
09/10/2019,23.81,23.69,23.9,23.69
08/10/2019,23.62,23.68,24.01,23.55
07/10/2019,23.64,23.66,23.78,23.6
04/10/2019,24.15,24.15,24.19,23.96
03/10/2019,23.94,23.75,23.95,23.67
02/10/2019,23.82,23.92,23.92,23.69
01/10/2019,24.2,24.38,24.41,24.16
30/09/2019,24.47,24.38,24.6,24.38
27/09/2019,24.41,24.67,24.74,24.28
26/09/2019,24.67,24.67,24.74,24.58
25/09/2019,24.51,24.59,24.59,24.34
24/09/2019,24.47,24.55,24.55,24.31
23/09/2019,25.05,24.87,25.05,24.85
20/09/2019,24.9,25.09,25.25,24.75
19/09/2019,25.09,25.09,25.31,25.05
18/09/2019,25.36,25.51,25.51,25.14
17/09/2019,25.39,25.13,25.42,25.1
16/09/2019,25.12,25.27,25.4,25.08
13/09/2019,25.74,25.81,25.85,25.69
12/09/2019,25.89,25.77,26.02,25.66
11/09/2019,25.84,25.77,25.84,25.72
10/09/2019,25.67,25.7,25.7,25.58
09/09/2019,25.59,25.46,25.64,25.46
06/09/2019,25.43,25.38,25.48,25.34
05/09/2019,25.28,25.24,25.41,25.21
04/09/2019,25.05,24.98,25.11,24.88
03/09/2019,24.93,24.77,24.94,24.67
30/08/2019,25.19,25.23,25.32,25.05
29/08/2019,25.01,24.97,25.1,24.84
28/08/2019,24.86,24.67,24.87,24.63
27/08/2019,24.69,24.84,25,24.68
26/08/2019,24.4,24.55,24.55,24.3
23/08/2019,24.26,24.37,24.75,24.18
22/08/2019,24.55,24.52,24.57,24.34
21/08/2019,24.55,24.71,24.71,24.45
20/08/2019,24.63,24.64,24.77,24.56
19/08/2019,24.73,24.85,25,24.69
16/08/2019,24.81,24.63,24.9,24.63
15/08/2019,24.53,24.63,24.69,24.43
14/08/2019,24.35,24.63,24.66,24.35
13/08/2019,24.8,24.28,24.96,24.26
12/08/2019,24.59,24.74,24.74,24.54
09/08/2019,24.99,24.98,25.05,24.85
08/08/2019,25.1,25.02,25.13,24.92
07/08/2019,24.81,24.31,24.83,24.21
06/08/2019,24.18,24.27,24.41,24.04
05/08/2019,24.04,24.37,24.37,23.91
02/08/2019,25.32,25.51,25.51,25.22
01/08/2019,25.34,25.66,25.95,25.24
31/07/2019,25.72,26.07,26.12,25.39
30/07/2019,25.97,26,26.03,25.88
29/07/2019,25.93,25.76,25.93,25.76
26/07/2019,25.89,26.03,26.05,25.85
25/07/2019,26.12,26.21,26.29,26.02
24/07/2019,26.27,26.2,26.36,26.2
23/07/2019,26.29,26.5,26.5,26.24
22/07/2019,26.51,26.41,26.59,26.41
19/07/2019,26.43,26.61,26.61,26.39
18/07/2019,26.61,26.4,26.65,26.4
17/07/2019,26.3,26.27,26.38,26.21
16/07/2019,26.38,26.4,26.55,26.36
15/07/2019,26.54,26.64,26.68,26.51
12/07/2019,26.3,26.17,26.39,26.14
11/07/2019,26.31,26.46,26.51,26.26
10/07/2019,26.45,26.46,26.61,26.41
09/07/2019,26.18,26.21,26.31,26.16
08/07/2019,26.01,25.94,26.07,25.91
05/07/2019,25.9,26.05,26.05,25.79
03/07/2019,26.13,26.03,26.15,26
02/07/2019,26.15,26.21,26.32,26.15
01/07/2019,26.32,26.35,26.4,26.19
28/06/2019,25.99,26.03,26.05,25.96
27/06/2019,25.95,25.83,25.99,25.83
26/06/2019,25.61,25.65,25.77,25.57
25/06/2019,25.6,25.63,25.67,25.5
24/06/2019,25.59,25.52,25.65,25.52
21/06/2019,25.56,25.62,25.71,25.51
20/06/2019,25.9,25.94,26.05,25.77
19/06/2019,25.68,25.49,25.91,25.47
18/06/2019,25.36,24.94,25.39,24.94
17/06/2019,24.6,24.52,24.61,24.36
14/06/2019,25.08,25.2,25.25,25.06
13/06/2019,25.37,25.5,25.6,25.25
12/06/2019,25.48,25.57,25.57,25.42
11/06/2019,25.81,25.66,25.89,25.66
10/06/2019,25.65,25.64,25.79,25.57
07/06/2019,25.49,25.4,25.7,25.38
06/06/2019,25.31,25.22,25.42,25.22
05/06/2019,25.23,25.38,25.45,25.17
04/06/2019,25.26,25.27,25.3,25.1
03/06/2019,25.38,25.31,25.54,25.29
31/05/2019,25.31,24.92,25.4,24.76
30/05/2019,24.43,24.41,24.61,24.36
29/05/2019,24.39,24.17,24.42,24.17
28/05/2019,23.91,23.93,24.18,23.89
24/05/2019,23.77,23.96,24.05,23.75
23/05/2019,23.58,23.46,23.69,23.42
22/05/2019,22.96,22.98,23.05,22.82
21/05/2019,23.2,23.06,23.24,22.96
20/05/2019,22.71,22.69,22.8,22.54
17/05/2019,22.36,22.34,22.51,22.16
16/05/2019,22.8,22.87,23.05,22.73
15/05/2019,23.25,23.09,23.28,23.01
14/05/2019,23.74,23.61,23.79,23.61
13/05/2019,23.45,23.63,23.63,23.25
10/05/2019,24.29,24.2,24.32,23.8
09/05/2019,24.21,24.13,24.29,23.73
08/05/2019,24.56,24.72,24.72,24.49
07/05/2019,24.66,24.98,25.01,24.53
06/05/2019,25,24.87,25.05,24.79
03/05/2019,25.51,25.41,25.55,25.35
02/05/2019,25.5,25.58,25.61,25.31
01/05/2019,25.88,26.19,26.31,25.74
30/04/2019,26.12,26,26.12,25.86
29/04/2019,26,26.03,26.03,25.91
26/04/2019,25.99,25.92,26.09,25.87
25/04/2019,25.63,25.52,25.63,25.44
24/04/2019,26.04,26.24,26.24,25.94
23/04/2019,26.54,26.45,26.56,26.36
22/04/2019,26.22,26.47,26.47,26.05
18/04/2019,26.67,26.65,26.79,26.58
17/04/2019,26.87,26.63,27.19,26.63
16/04/2019,26.36,26.23,26.47,26.23
15/04/2019,26.06,26.03,26.12,25.9
12/04/2019,25.82,26,26.02,25.8
11/04/2019,25.76,25.99,25.99,25.65
10/04/2019,26.37,26.37,26.45,26.33
09/04/2019,26.37,26.37,26.46,26.34
08/04/2019,26.24,26.11,26.3,26.09
05/04/2019,26.39,26.31,26.5,26.31
04/04/2019,26.34,26.13,26.48,26.13
03/04/2019,26.14,26.06,26.38,26.06
02/04/2019,25.73,25.91,26.05,25.72
01/04/2019,25.91,25.74,25.95,25.72
29/03/2019,25.68,25.83,25.83,25.56
28/03/2019,25.71,25.65,25.75,25.54
27/03/2019,25.4,25.6,25.66,25.32
26/03/2019,25.84,26.04,26.04,25.71
25/03/2019,25.68,25.53,25.76,25.5
22/03/2019,25.69,26.19,26.22,25.68
21/03/2019,26.47,26.3,26.51,26.3
20/03/2019,26.34,26.14,26.56,25.97
19/03/2019,26.16,26.2,26.25,26.05
18/03/2019,26.21,26.09,26.27,26.08
15/03/2019,25.93,25.65,25.97,25.65
14/03/2019,25.21,25.19,25.3,25.12
13/03/2019,25.13,25.23,25.25,25.07
12/03/2019,25.19,25.09,25.26,25.05
11/03/2019,25.33,25.11,25.38,25.11
08/03/2019,25.06,25,25.09,24.9
07/03/2019,25.39,25.74,25.74,25.35
06/03/2019,25.83,25.9,25.96,25.78
05/03/2019,25.94,25.78,25.99,25.68
04/03/2019,25.86,26.01,26.05,25.68
01/03/2019,25.87,25.96,26.05,25.84
28/02/2019,25.73,26.1,26.1,25.72
27/02/2019,26.52,26.64,26.7,26.45
26/02/2019,26.83,26.83,26.97,26.69
25/02/2019,26.83,26.73,27.02,26.73
22/02/2019,26.45,26.44,26.57,26.36
21/02/2019,26.52,26.66,26.66,26.41
20/02/2019,26.7,26.52,26.79,26.5
19/02/2019,26.75,26.26,26.79,26.1
15/02/2019,25.98,26,26,25.86
14/02/2019,25.99,25.88,26.09,25.73
13/02/2019,26.04,26.29,26.45,25.95
12/02/2019,26.54,26.52,26.57,26.39
11/02/2019,26.79,26.82,26.84,26.66
08/02/2019,26.9,26.99,27.05,26.82
07/02/2019,27.2,27.1,27.25,26.87
06/02/2019,27.29,27.53,27.6,27.23
05/02/2019,27.69,27.48,27.7,27.4
04/02/2019,27.37,27.21,27.42,27.05
01/02/2019,27.46,27.55,27.55,27.29
31/01/2019,27.68,27.44,27.74,27.39
30/01/2019,27.23,26.78,27.27,26.52
29/01/2019,26.72,26.74,26.87,26.67
28/01/2019,26.91,26.91,27,26.76
25/01/2019,27.32,27.17,27.4,27.12
24/01/2019,27.08,26.89,27.16,26.86
23/01/2019,26.92,26.82,26.93,26.72
22/01/2019,26.62,26.74,26.74,26.48
18/01/2019,27.04,27.04,27.14,26.88
17/01/2019,26.97,26.64,27.04,26.58
16/01/2019,26.77,26.54,26.92,26.54
15/01/2019,26.42,26.55,26.64,26.34
14/01/2019,26.32,26.28,26.51,26.17
11/01/2019,26.47,26.42,26.56,26.32
10/01/2019,26.67,26.34,26.74,26.29
09/01/2019,26.18,26.01,26.36,26.01
08/01/2019,26.13,25.93,26.18,25.82
07/01/2019,26.1,26.02,26.19,25.91
04/01/2019,25.96,25.37,26.08,25.37
03/01/2019,24.94,25.14,25.2,24.75
02/01/2019,25.23,24.8,25.25,24.8
31/12/2018,24.82,24.96,25.15,24.69
28/12/2018,24.83,24.77,25.07,24.67
27/12/2018,24.68,24.52,24.76,24.29
26/12/2018,24.69,24.31,24.71,24.15
24/12/2018,23.91,24.17,24.4,23.91
21/12/2018,24.35,24.53,24.75,24.28
20/12/2018,24.76,24.81,24.93,24.48
19/12/2018,24.49,25.03,25.34,24.29
18/12/2018,24.74,24.46,24.92,24.46
17/12/2018,24.32,24.59,24.66,24.23
14/12/2018,24.83,24.85,25.05,24.78
13/12/2018,25.12,24.94,25.25,24.94
12/12/2018,24.77,24.59,24.91,24.59
11/12/2018,24.39,24.46,24.55,24.15
10/12/2018,24.37,24.52,24.6,23.98
07/12/2018,24.42,24.85,25.11,24.4
06/12/2018,24.84,24.49,24.89,24.18
04/12/2018,24.77,25.38,25.41,24.7
03/12/2018,25.26,25.29,25.36,25.09
30/11/2018,24.72,24.91,24.94,24.71
29/11/2018,25.15,24.99,25.32,24.91
28/11/2018,24.72,24.27,24.84,24.03
27/11/2018,24.53,24.34,24.58,24.25
26/11/2018,24.45,24.46,24.53,24.34
23/11/2018,24.17,24.11,24.38,24.09
21/11/2018,24.03,23.97,24.16,23.86
20/11/2018,23.56,23.75,23.84,23.47
19/11/2018,24,24.24,24.28,23.96
16/11/2018,24.62,24.25,24.81,24.2
15/11/2018,24.29,23.61,24.4,23.61
14/11/2018,23.34,23.26,23.5,23.14
13/11/2018,22.91,22.88,23.17,22.76
12/11/2018,22.38,22.62,22.68,22.27
09/11/2018,22.98,23.33,23.33,22.81
08/11/2018,23.62,23.82,24.09,23.61
07/11/2018,24.05,23.86,24.1,23.84
06/11/2018,23.37,23.25,23.39,23.23
05/11/2018,23.17,22.97,23.27,22.93
02/11/2018,22.87,23.06,23.17,22.75
01/11/2018,22.83,22.32,22.87,22.21
31/10/2018,22.01,22.07,22.19,21.96
30/10/2018,21.96,21.56,21.97,21.56
29/10/2018,21.24,21.74,21.74,21
26/10/2018,21.7,21.52,21.81,21.32
25/10/2018,21.59,21.42,21.74,21.32
24/10/2018,20.88,21.32,21.36,20.88
23/10/2018,21.76,21.48,21.84,21.41
22/10/2018,21.76,21.82,21.88,21.57
19/10/2018,21.72,21.78,21.98,21.71
18/10/2018,21.46,21.72,21.79,21.36
17/10/2018,21.94,22.05,22.09,21.88
16/10/2018,22.1,21.82,22.11,21.82
15/10/2018,21.36,21.36,21.52,21.31
12/10/2018,21.46,21.55,21.57,21.22
11/10/2018,21.1,21.2,21.53,20.94
10/10/2018,21.05,21.52,21.63,21.02
09/10/2018,21.49,21.38,21.66,21.36
08/10/2018,21.54,21.24,21.54,21.24
05/10/2018,21.29,21.29,21.32,21.02
04/10/2018,21.17,21.61,21.68,21.09
03/10/2018,21.97,22.44,22.44,21.89
02/10/2018,22.41,22.47,22.55,22.36
01/10/2018,22.92,22.98,23.02,22.83
28/09/2018,22.97,22.96,23.15,22.91
27/09/2018,22.84,22.85,23.02,22.82
26/09/2018,22.69,22.7,22.98,22.66
25/09/2018,22.71,22.7,22.76,22.62
24/09/2018,22.71,22.74,22.77,22.62
21/09/2018,23.23,23.12,23.27,23.1
20/09/2018,23.3,23.16,23.3,23.1
19/09/2018,22.78,22.67,22.81,22.64
18/09/2018,22.46,22.21,22.48,22.21
17/09/2018,22.14,22.29,22.41,22.07
14/09/2018,22.81,22.89,23.03,22.68
13/09/2018,22.79,22.81,23.01,22.72
12/09/2018,22.46,22.14,22.65,22.14
11/09/2018,22.38,21.93,22.38,21.87
10/09/2018,22.11,22.43,22.43,22.07
07/09/2018,22.21,22.24,22.45,22.15
06/09/2018,21.96,21.9,21.99,21.75
05/09/2018,21.39,21.61,21.61,21.27
04/09/2018,22.36,22.59,22.59,22.3
31/08/2018,23.37,23.25,23.5,23.14
30/08/2018,23.34,23.54,23.58,23.29
29/08/2018,24.13,23.98,24.21,23.92
28/08/2018,23.99,24.13,24.14,23.88
27/08/2018,24.14,23.94,24.27,23.94
24/08/2018,23.88,23.66,24.04,23.66
23/08/2018,23.45,23.71,23.72,23.43
22/08/2018,23.68,23.61,23.8,23.59
21/08/2018,23.59,23.41,23.64,23.41
20/08/2018,23.25,23.05,23.25,23.05
17/08/2018,22.86,22.47,22.89,22.45
16/08/2018,22.67,22.66,22.78,22.57
15/08/2018,22.52,22.44,22.58,22.25
14/08/2018,22.64,22.67,22.73,22.55
13/08/2018,22.78,23.01,23.11,22.7
10/08/2018,24,24.17,24.22,23.79
09/08/2018,24.42,24.4,24.57,24.38
08/08/2018,24.46,24.47,24.52,24.34
07/08/2018,24.61,24.56,24.71,24.48
06/08/2018,24.54,24.47,24.6,24.43
03/08/2018,24.16,24.09,24.23,24
02/08/2018,24.06,23.99,24.16,23.79
01/08/2018,24.22,24.07,24.31,24.05
31/07/2018,23.77,23.76,23.88,23.65
30/07/2018,24.22,24.15,24.34,24.15
27/07/2018,24.12,24.11,24.21,23.98
26/07/2018,23.77,23.86,23.86,23.69
25/07/2018,24.02,23.95,24.02,23.73
24/07/2018,23.73,23.76,23.85,23.7
23/07/2018,23.46,23.44,23.57,23.39
20/07/2018,23.32,23.25,23.45,23.16
19/07/2018,23.15,23.11,23.29,22.98
18/07/2018,23.46,23.38,23.51,23.26
17/07/2018,23.29,23.03,23.34,23.02
16/07/2018,23.1,23.31,23.39,23.02
13/07/2018,23.55,23.54,23.61,23.51
12/07/2018,23.57,23.59,23.61,23.48
11/07/2018,23.37,23.48,23.61,23.33
10/07/2018,23.53,23.54,23.59,23.4
09/07/2018,23.48,23.33,23.51,23.18
06/07/2018,22.91,22.46,22.96,22.42
05/07/2018,22.53,22.47,22.77,22.45
03/07/2018,21.96,22.2,22.26,21.9
02/07/2018,22.74,22.58,22.77,22.49
29/06/2018,22.97,22.93,23.07,22.75
28/06/2018,22.32,22.25,22.39,22.05
27/06/2018,22.63,23.19,23.27,22.58
26/06/2018,23.09,23.24,23.33,23.01
25/06/2018,23.56,23.5,23.61,23.28
22/06/2018,23.48,23.54,23.67,23.45
21/06/2018,23.45,23.65,23.74,23.32
20/06/2018,23.97,24.07,24.13,23.91
19/06/2018,23.82,23.42,23.82,23.23
18/06/2018,24.11,24.3,24.51,23.82
15/06/2018,24.79,24.95,25.35,24.69
14/06/2018,25.29,25.23,25.42,25.23
13/06/2018,25.41,25.43,25.55,25.25
12/06/2018,25.46,25.52,25.58,25.39
11/06/2018,25.6,25.58,25.74,25.51
08/06/2018,25.51,25.23,25.54,25.16
07/06/2018,25.78,26.12,26.12,25.64
06/06/2018,26.19,26.05,26.22,25.94
05/06/2018,25.78,25.98,26.09,25.78
04/06/2018,26.03,25.77,26.13,25.76
01/06/2018,25.73,25.62,25.81,25.54
31/05/2018,25.52,25.39,25.67,25.09
30/05/2018,25.84,25.28,25.91,25.28
29/05/2018,25.3,25.54,25.62,25.13
25/05/2018,25.17,25.02,25.26,25.02
24/05/2018,24.89,24.74,24.91,24.5
23/05/2018,24.15,23.87,24.17,23.78
22/05/2018,23.78,23.68,23.82,23.59
21/05/2018,23.44,23.58,23.66,23.32
18/05/2018,23.66,23.81,23.85,23.56
17/05/2018,24.39,24.26,24.45,24.19
16/05/2018,24.52,24.41,24.56,24.32
15/05/2018,24.21,24.37,24.37,24.05
14/05/2018,25.18,25.33,25.34,25.12
11/05/2018,25.35,25.48,25.61,25.27
10/05/2018,25.47,25,25.67,24.99
09/05/2018,24.74,24.67,25.07,24.47
08/05/2018,24.1,24.1,24.15,23.77
07/05/2018,24.42,24.77,24.8,24.32
04/05/2018,24.57,24.34,24.6,24.21
03/05/2018,24.69,24.88,24.89,24.36
02/05/2018,25.29,25.5,25.58,25.23
01/05/2018,25.09,25.3,25.46,24.68
30/04/2018,25.36,25.68,26,25.35
27/04/2018,25.52,25.57,25.57,25.28
26/04/2018,25.57,25.4,25.66,25.18
25/04/2018,25.89,26.01,26.34,25.7
24/04/2018,26.55,26.86,26.91,26.45
23/04/2018,26.98,26.98,27.14,26.89
20/04/2018,27.07,27.22,27.29,26.88
19/04/2018,27.31,27.6,27.68,27.25
18/04/2018,27.63,27.62,27.73,27.51
17/04/2018,27.47,27.37,27.57,27.26
16/04/2018,27.5,27.31,27.51,27.27
13/04/2018,27.32,27.52,27.68,27.23
12/04/2018,27.65,27.66,27.72,27.5
11/04/2018,27.93,27.75,28,27.75
10/04/2018,27.74,27.61,27.78,27.47
09/04/2018,26.94,26.99,27.24,26.83
06/04/2018,26.57,26.75,27.05,26.41
05/04/2018,26.94,26.93,27.12,26.88
04/04/2018,27.35,26.66,27.36,26.6
03/04/2018,27.34,27.18,27.39,27.06
02/04/2018,26.91,27.01,27.24,26.62
29/03/2018,26.96,26.58,27.04,26.58
28/03/2018,26.5,26.59,26.87,26.36
27/03/2018,26.5,26.88,26.93,26.43
26/03/2018,26.99,26.79,27,26.47
23/03/2018,26.33,26.91,26.96,26.27
22/03/2018,26.58,26.95,27.05,26.55
21/03/2018,27.56,27.33,27.66,27.29
20/03/2018,27.17,27.22,27.22,27.05
19/03/2018,27.21,27.37,27.46,27.05
16/03/2018,27.38,27.3,27.43,27.23
15/03/2018,27.45,27.62,27.67,27.3
14/03/2018,27.86,28,28.08,27.75
13/03/2018,28.03,28.36,28.44,27.96
12/03/2018,28.57,28.58,28.69,28.49
09/03/2018,28.46,28.26,28.48,28.24
08/03/2018,28.29,28.2,28.39,28.16
07/03/2018,28.02,27.76,28.05,27.76
06/03/2018,28.35,28.69,28.7,28.24
05/03/2018,28.74,28.43,28.93,28.43
02/03/2018,28.7,28.38,28.77,28.26
01/03/2018,28.52,28.7,29.04,28.36
28/02/2018,28.61,29.06,29.13,28.59
27/02/2018,28.77,29.11,29.21,28.73
26/02/2018,29.17,29.11,29.3,28.96
23/02/2018,29.52,29.51,29.52,29.29
22/02/2018,29.32,29.37,29.61,29.25
21/02/2018,29.49,29.82,30.09,29.47
20/02/2018,29.97,29.7,30.09,29.7
16/02/2018,30.11,29.8,30.32,29.68
15/02/2018,29.94,29.75,30.01,29.49
14/02/2018,29.65,29.06,29.76,28.84
13/02/2018,29.4,29.24,29.44,29.12
12/02/2018,28.88,28.86,29.15,28.68
09/02/2018,28.57,28.49,28.82,27.83
08/02/2018,27.89,29.1,29.17,27.86
07/02/2018,28.91,29.28,29.8,28.89
06/02/2018,29.44,28.44,29.71,28.34
05/02/2018,28.51,29.33,29.61,28.43
02/02/2018,29.18,29.49,29.58,29.15
01/02/2018,29.53,29.64,29.81,29.5
31/01/2018,29.79,29.92,30,29.54
30/01/2018,29.52,29.59,29.64,29.36
29/01/2018,30.08,30.18,30.18,29.97
26/01/2018,30.56,30.46,30.61,30.41
25/01/2018,30.26,30.22,30.49,30.11
24/01/2018,30.3,30.33,30.43,30.15
23/01/2018,30.1,30.02,30.18,30
22/01/2018,29.77,29.68,29.79,29.58
19/01/2018,29.75,29.53,29.75,29.53
18/01/2018,29.6,29.6,29.68,29.47
17/01/2018,29.68,29.43,29.76,29.43
16/01/2018,29.32,29.49,29.62,29.29
12/01/2018,29.23,28.92,29.27,28.82
11/01/2018,29.15,28.89,29.21,28.82
10/01/2018,28.77,28.69,28.79,28.61
09/01/2018,28.75,28.96,28.96,28.73
08/01/2018,29.04,28.97,29.08,28.93
05/01/2018,28.98,28.86,29.09,28.82
04/01/2018,28.64,28.57,28.71,28.42
03/01/2018,28.37,28.23,28.49,28.14
02/01/2018,28.55,28.64,28.64,28.44
29/12/2017,28.43,28.48,28.58,28.39
28/12/2017,28.36,28.36,28.45,28.32
27/12/2017,28.17,28.07,28.23,27.99
26/12/2017,27.96,27.76,27.99,27.75
22/12/2017,27.95,27.81,27.95,27.67
21/12/2017,27.64,27.44,27.79,27.38
20/12/2017,27.06,27.11,27.16,27
19/12/2017,27.31,27.43,27.45,27.2
18/12/2017,27.36,27.3,27.49,27.2
15/12/2017,27.39,27.4,27.6,27.28
14/12/2017,27.39,27.48,27.52,27.39
13/12/2017,27.37,27.19,27.6,27.14
12/12/2017,26.92,26.93,26.97,26.82
11/12/2017,27.11,27.05,27.16,27.02
08/12/2017,27.09,27.03,27.14,27
07/12/2017,26.97,26.73,27,26.61
06/12/2017,26.87,26.82,26.93,26.74
05/12/2017,26.76,26.74,26.88,26.67
04/12/2017,26.6,26.79,26.97,26.59
01/12/2017,26.59,26.69,26.76,26.35
30/11/2017,26.68,26.93,26.98,26.66
29/11/2017,26.87,27.13,27.16,26.78
28/11/2017,27.24,27.25,27.32,27.19
27/11/2017,27.14,27.3,27.3,27.06
24/11/2017,27.49,27.36,27.54,27.36
22/11/2017,27.38,27.3,27.43,27.19
21/11/2017,27.11,27.03,27.22,27.03
20/11/2017,27.17,27.01,27.25,26.97
17/11/2017,27.14,27.05,27.25,27.04
16/11/2017,26.94,26.83,27.11,26.83
15/11/2017,26.45,26.55,26.55,26.34
14/11/2017,26.51,26.52,26.57,26.4
13/11/2017,26.72,26.59,26.74,26.57
10/11/2017,26.8,26.81,26.86,26.67
09/11/2017,27,27,27.02,26.74
08/11/2017,27.14,27.1,27.2,27
07/11/2017,27.04,27.2,27.23,26.99
06/11/2017,27.29,27.13,27.32,27.13
03/11/2017,27.01,27.15,27.2,26.88
02/11/2017,27.12,26.95,27.15,26.92
01/11/2017,26.83,26.78,26.96,26.78
31/10/2017,26.7,26.61,26.73,26.61
30/10/2017,26.46,26.52,26.64,26.43
27/10/2017,26.62,26.4,26.71,26.35
26/10/2017,26.55,26.64,26.84,26.55
25/10/2017,26.66,26.71,26.73,26.41
24/10/2017,26.56,26.66,26.67,26.5
23/10/2017,26.61,26.68,26.77,26.57
20/10/2017,26.71,26.72,26.78,26.58
19/10/2017,26.6,26.54,26.66,26.48
18/10/2017,26.67,26.77,26.84,26.65
17/10/2017,26.83,26.83,26.86,26.66
16/10/2017,26.98,26.98,27.1,26.91
13/10/2017,27,26.92,27.09,26.92
12/10/2017,26.7,26.78,26.78,26.66
11/10/2017,26.56,26.49,26.56,26.36
10/10/2017,26.78,26.63,26.83,26.59
09/10/2017,26.6,26.57,26.62,26.5
06/10/2017,26.51,26.53,26.56,26.33
05/10/2017,26.82,26.66,26.84,26.66
04/10/2017,26.79,26.77,26.88,26.77
03/10/2017,26.75,26.74,26.79,26.63
02/10/2017,26.52,26.51,26.67,26.49
29/09/2017,26.69,26.54,26.78,26.46
28/09/2017,26.2,26.06,26.28,26.01
27/09/2017,26.3,26.42,26.5,26.09
26/09/2017,26.55,26.64,26.72,26.51
25/09/2017,26.68,26.82,26.82,26.55
22/09/2017,26.95,27,27.11,26.84
21/09/2017,26.83,26.87,26.92,26.72
20/09/2017,26.79,26.98,27.05,26.54
19/09/2017,27.09,26.93,27.09,26.93
18/09/2017,26.81,26.85,26.96,26.66
15/09/2017,26.99,26.82,27.03,26.77
14/09/2017,26.71,26.6,26.76,26.5
13/09/2017,26.81,26.86,26.86,26.72
12/09/2017,27.07,27.06,27.12,26.95
11/09/2017,27.32,27,27.36,27
08/09/2017,26.96,27.1,27.15,26.9
07/09/2017,26.79,26.77,26.87,26.74
06/09/2017,26.65,26.61,26.7,26.58
05/09/2017,26.55,26.66,26.71,26.35
01/09/2017,27.08,26.93,27.1,26.89
31/08/2017,26.88,26.88,26.97,26.71
30/08/2017,26.93,26.85,26.94,26.7
29/08/2017,27.15,26.83,27.15,26.83
28/08/2017,27.17,27.15,27.23,27.08
25/08/2017,27.28,27.25,27.48,27.25
24/08/2017,27.18,27.22,27.4,27.11
23/08/2017,27.36,27.06,27.39,27.06
22/08/2017,27.23,27.15,27.32,27.15
21/08/2017,27.08,26.96,27.13,26.91
18/08/2017,27.11,26.97,27.22,26.84
17/08/2017,26.84,27.08,27.27,26.77
16/08/2017,27.19,26.93,27.2,26.93
15/08/2017,26.78,26.76,26.88,26.75
14/08/2017,26.82,26.8,26.96,26.78
11/08/2017,26.65,26.6,26.81,26.48
10/08/2017,26.45,26.72,26.73,26.37
09/08/2017,26.78,26.82,26.82,26.66
08/08/2017,26.73,26.79,26.92,26.73
07/08/2017,26.6,26.6,26.67,26.57
04/08/2017,26.62,26.64,26.64,26.44
03/08/2017,26.62,26.53,26.63,26.5
02/08/2017,26.8,26.77,26.89,26.67
01/08/2017,26.82,26.8,26.84,26.73
31/07/2017,26.87,26.85,26.91,26.79
28/07/2017,26.8,26.72,26.82,26.7
27/07/2017,26.72,26.9,26.9,26.5
26/07/2017,26.95,26.9,26.96,26.64
25/07/2017,26.91,26.99,27.13,26.86
24/07/2017,26.84,26.78,26.89,26.75
21/07/2017,26.61,26.68,26.72,26.51
20/07/2017,27.11,27.19,27.19,27.04
19/07/2017,27.09,27.01,27.1,26.95
18/07/2017,27.09,27.05,27.1,26.93
17/07/2017,27.15,27.4,27.4,27.12
14/07/2017,27.34,27.2,27.41,27.08
13/07/2017,27.12,27.07,27.14,27
12/07/2017,27.37,27.05,27.4,27.05
11/07/2017,26.8,26.72,26.83,26.64
10/07/2017,26.79,26.59,26.84,26.43
07/07/2017,26.88,26.99,26.99,26.75
06/07/2017,26.92,27.09,27.1,26.88
05/07/2017,27.17,26.91,27.2,26.9
03/07/2017,27.4,27.44,27.58,27.39
30/06/2017,27.21,27.11,27.38,27.11
29/06/2017,27.14,27.53,27.53,26.99
28/06/2017,27.6,27.26,27.64,27.26
27/06/2017,27.31,27.49,27.49,27.26
26/06/2017,27.54,27.35,27.62,27.35
23/06/2017,27.24,27.16,27.36,27.14
22/06/2017,27.08,27.03,27.3,27.03
21/06/2017,27.11,27.09,27.21,27.02
20/06/2017,26.91,27.1,27.1,26.8
19/06/2017,27.12,27.16,27.22,27
16/06/2017,27.05,26.94,27.08,26.88
15/06/2017,27.36,27.22,27.36,27.09
14/06/2017,27.33,27.49,27.6,27.28
13/06/2017,27.02,26.88,27.08,26.88
12/06/2017,26.83,26.83,26.95,26.67
09/06/2017,26.66,26.7,26.79,26.48
08/06/2017,26.98,26.97,27,26.77
07/06/2017,26.96,26.96,27,26.81
06/06/2017,26.98,26.91,27.02,26.91
05/06/2017,27.16,27.05,27.17,27.04
02/06/2017,27.14,27.04,27.16,27.04
01/06/2017,26.9,26.7,26.91,26.55
31/05/2017,26.56,26.86,26.94,26.48
30/05/2017,26.76,26.73,26.78,26.69
26/05/2017,26.79,26.91,26.92,26.69
25/05/2017,26.91,26.83,27,26.83
24/05/2017,26.8,26.79,26.89,26.66
23/05/2017,27,26.97,27.02,26.86
22/05/2017,27.21,27.16,27.25,27.14
19/05/2017,27.39,26.54,27.55,26.41
18/05/2017,25.99,25.83,26.14,25.66
17/05/2017,25.84,26.12,26.12,25.8
16/05/2017,26.52,26.58,26.62,26.46
15/05/2017,26.87,26.73,26.9,26.71
12/05/2017,26.69,26.8,26.8,26.65
11/05/2017,26.67,26.6,26.7,26.5
10/05/2017,26.63,26.54,26.73,26.53
09/05/2017,26.84,26.71,26.98,26.7
08/05/2017,26.71,26.89,26.9,26.68
05/05/2017,26.75,26.47,26.77,26.47
04/05/2017,26.4,26.48,26.5,26.33
03/05/2017,26.32,26.47,26.47,26.2
02/05/2017,26.52,26.53,26.59,26.4
01/05/2017,26.37,26.45,26.55,26.33
28/04/2017,26.33,26.54,26.54,26.28
27/04/2017,26.5,26.6,26.68,26.5
26/04/2017,26.6,26.65,26.68,26.52
25/04/2017,26.53,26.55,26.66,26.51
24/04/2017,26.54,26.5,26.65,26.46
21/04/2017,26.23,26.19,26.34,26.19
20/04/2017,25.9,25.82,25.92,25.69
19/04/2017,25.62,25.94,25.94,25.53
18/04/2017,25.9,25.92,26.04,25.85
17/04/2017,25.97,25.79,26.03,25.71
13/04/2017,26.01,26.09,26.19,26.01
12/04/2017,26.29,26.16,26.3,26
11/04/2017,26.09,26.13,26.13,25.89
10/04/2017,26.13,26.16,26.24,26.02
07/04/2017,26.24,26.22,26.3,26.16
06/04/2017,26.25,26.3,26.38,26.2
05/04/2017,26.16,26.42,26.46,26.16
04/04/2017,26.46,26.25,26.46,26.16
03/04/2017,26.14,26.04,26.16,26.01
31/03/2017,25.79,25.73,25.92,25.73
30/03/2017,25.91,25.96,26,25.89
29/03/2017,25.95,25.9,26.03,25.87
28/03/2017,25.81,25.66,25.92,25.66
27/03/2017,25.77,25.81,25.81,25.64
24/03/2017,25.95,25.89,25.98,25.85
23/03/2017,25.9,25.85,26.05,25.8
22/03/2017,25.71,25.62,25.81,25.52
21/03/2017,25.41,25.68,25.76,25.41
20/03/2017,25.71,25.62,25.78,25.56
17/03/2017,25.62,25.57,25.69,25.52
16/03/2017,25.5,25.49,25.59,25.4
15/03/2017,25.22,24.71,25.47,24.7
14/03/2017,24.76,24.77,24.87,24.71
13/03/2017,24.78,24.72,24.82,24.72
10/03/2017,24.64,24.59,24.66,24.52
09/03/2017,24.51,24.6,24.6,24.36
08/03/2017,24.48,24.57,24.62,24.45
07/03/2017,24.75,24.83,24.88,24.67
06/03/2017,24.83,24.7,24.86,24.7
03/03/2017,24.66,24.56,24.69,24.54
02/03/2017,24.47,24.65,24.76,24.39
01/03/2017,24.58,24.56,24.66,24.45
28/02/2017,24.49,24.68,24.76,24.46
27/02/2017,24.56,24.68,24.68,24.5
24/02/2017,24.79,24.76,24.79,24.68
23/02/2017,24.76,24.76,24.8,24.71
22/02/2017,24.62,24.69,24.71,24.59
21/02/2017,24.63,24.53,24.66,24.53
17/02/2017,24.57,24.57,24.59,24.47
16/02/2017,24.8,24.9,24.9,24.75
15/02/2017,25,24.99,25.04,24.89
14/02/2017,24.98,24.99,25,24.77
13/02/2017,25.18,25.06,25.22,25.05
10/02/2017,25.04,25.03,25.07,24.95
09/02/2017,25.02,24.96,25.08,24.87
08/02/2017,24.84,24.8,24.91,24.75
07/02/2017,24.83,24.9,24.92,24.79
06/02/2017,24.91,24.89,24.98,24.89
03/02/2017,24.92,24.85,25.03,24.8
02/02/2017,24.72,24.68,24.75,24.61
01/02/2017,24.49,24.49,24.59,24.41
31/01/2017,24.41,24.27,24.45,24.27
30/01/2017,24.45,24.41,24.52,24.34
27/01/2017,24.43,24.4,24.48,24.37
26/01/2017,24.4,24.57,24.59,24.31
25/01/2017,24.55,24.46,24.57,24.44
24/01/2017,24.49,24.44,24.7,24.44
23/01/2017,24.24,24.08,24.29,24.07
20/01/2017,23.9,24.11,24.11,23.78
19/01/2017,24.21,24.34,24.35,24.09
18/01/2017,24.28,24.38,24.43,24.21
17/01/2017,24.32,24.36,24.4,24.26
13/01/2017,24.5,24.45,24.5,24.35
12/01/2017,24.49,24.66,24.66,24.36
11/01/2017,24.66,24.59,24.66,24.3
10/01/2017,24.61,24.71,24.75,24.58
09/01/2017,24.57,24.55,24.58,24.37
06/01/2017,24.68,24.84,24.84,24.64
05/01/2017,24.82,24.74,24.85,24.7
04/01/2017,24.49,24.54,24.71,24.45
03/01/2017,24.31,24.3,24.47,24.26
30/12/2016,24.13,24.35,24.37,24.04
29/12/2016,24.45,24.08,24.54,24.08
28/12/2016,23.58,23.65,23.67,23.54
27/12/2016,23.27,22.98,23.31,22.82
23/12/2016,22.8,22.54,22.82,22.51
22/12/2016,22.65,22.77,22.89,22.41
21/12/2016,23.05,23.22,23.24,23.02
20/12/2016,23.22,23.44,23.44,23.21
19/12/2016,23.61,23.8,23.8,23.6
16/12/2016,23.79,23.89,23.89,23.66
15/12/2016,23.91,23.94,23.97,23.81
14/12/2016,23.79,24.29,24.52,23.79
13/12/2016,24.7,24.43,24.79,24.43
12/12/2016,24.33,24.37,24.47,24.27
09/12/2016,24.54,24.55,24.58,24.42
08/12/2016,24.65,24.53,24.69,24.5
07/12/2016,24.55,24.25,24.62,24.23
06/12/2016,24.26,24.35,24.43,24.16
05/12/2016,24.14,23.96,24.25,23.96
02/12/2016,23.9,23.81,24.07,23.81
01/12/2016,23.4,23.57,23.67,23.27
30/11/2016,23.35,23.27,23.43,23.24
29/11/2016,23.27,23.05,23.38,23.02
28/11/2016,23.05,23.12,23.15,23.05
25/11/2016,23.18,23.24,23.24,23.14
23/11/2016,23.48,23.52,23.52,23.3
22/11/2016,23.83,23.85,23.93,23.68
21/11/2016,23.54,23.73,23.82,23.5
18/11/2016,23.85,23.97,24.01,23.69
17/11/2016,24.01,24,24.18,23.95
16/11/2016,23.87,23.75,23.91,23.67
15/11/2016,23.7,23.31,23.73,23.2
14/11/2016,23.31,23.25,23.46,23.04
11/11/2016,23.37,23.76,23.78,23.27
10/11/2016,24.46,25.41,25.48,24.42
09/11/2016,25.62,25.89,26.14,25.48
08/11/2016,26.67,26.25,26.76,26.23
07/11/2016,26.22,25.85,26.32,25.85
04/11/2016,25.45,25.39,25.55,25.39
03/11/2016,25.49,25.6,25.67,25.41
02/11/2016,25.86,25.93,26.07,25.76
01/11/2016,25.9,26.12,26.15,25.69
31/10/2016,26.25,26.11,26.31,26.11
28/10/2016,26.08,26.24,26.28,25.9
27/10/2016,26.17,26.33,26.36,26.08
26/10/2016,26.23,26.2,26.37,26.06
25/10/2016,26.3,26.19,26.38,26.1
24/10/2016,26.38,26.4,26.5,26.28
21/10/2016,26.49,26.26,26.55,26.26
20/10/2016,26.41,26.39,26.52,26.32
19/10/2016,26.59,26.52,26.63,26.39
18/10/2016,26.54,26.53,26.59,26.39
17/10/2016,26.2,26.24,26.39,26.2
14/10/2016,26.21,26.3,26.39,26.12
13/10/2016,26,25.8,26.13,25.62
12/10/2016,26.14,26.05,26.19,25.94
11/10/2016,26.03,26.15,26.17,25.93
10/10/2016,26.33,26.2,26.43,26.2
07/10/2016,26.19,26.33,26.52,26.04
06/10/2016,26.36,26.24,26.4,26.13
05/10/2016,26.53,26.52,26.59,26.42
04/10/2016,26.39,26.95,26.95,26.28
03/10/2016,27,26.81,27.04,26.66
30/09/2016,26.44,26.38,26.73,26.32
29/09/2016,26.58,26.88,27.06,26.53
28/09/2016,27.02,26.8,27.03,26.6
27/09/2016,26.75,26.62,26.77,26.43
26/09/2016,26,26.08,26.26,25.99
23/09/2016,26.25,26.46,26.47,26.22
22/09/2016,26.62,26.62,26.8,26.58
21/09/2016,26.44,25.91,26.51,25.91
20/09/2016,25.65,25.8,25.87,25.64
19/09/2016,25.76,25.7,25.95,25.7
16/09/2016,25.44,25.26,25.44,25.12
15/09/2016,25.46,25.17,25.62,25.17
14/09/2016,24.43,24.39,24.76,24.34
13/09/2016,24.64,24.81,24.94,24.49
12/09/2016,25.09,24.64,25.19,24.48
09/09/2016,24.81,25.36,25.38,24.79
08/09/2016,25.85,26.12,26.12,25.83
07/09/2016,26.19,26.08,26.2,26.08
06/09/2016,26.13,26.12,26.23,25.93
02/09/2016,25.84,25.66,25.99,25.66
01/09/2016,25.28,25.2,25.44,25.16
31/08/2016,25.52,25.64,25.64,25.35
30/08/2016,25.43,25.77,25.82,25.39
29/08/2016,25.77,25.71,25.8,25.64
26/08/2016,25.95,26.31,26.67,25.78
25/08/2016,26.37,26.24,26.46,26.22
24/08/2016,26.11,25.88,26.18,25.88
23/08/2016,25.98,26.12,26.21,25.96
22/08/2016,26.15,26.28,26.28,26.06
19/08/2016,26.51,26.26,26.51,26.18
18/08/2016,26.78,26.55,26.79,26.49
17/08/2016,26.23,26.11,26.27,25.82
16/08/2016,26.21,26.32,26.32,26.11
15/08/2016,26.15,26.15,26.28,26.12
12/08/2016,26.3,26.3,26.42,26.24
11/08/2016,26.74,26.58,26.77,26.47
10/08/2016,26.59,26.7,26.74,26.5
09/08/2016,26.79,26.78,26.85,26.69
08/08/2016,26.72,26.75,26.88,26.71
05/08/2016,26.52,26.51,26.59,26.4
04/08/2016,26.37,26.28,26.46,26.24
03/08/2016,26.28,26.12,26.34,26.01
02/08/2016,26.26,26.4,26.48,25.91
01/08/2016,26.34,26.4,26.48,26.31
29/07/2016,25.98,25.8,26.04,25.68
28/07/2016,25.86,25.97,25.97,25.74
27/07/2016,25.83,25.77,25.92,25.59
26/07/2016,25.45,25.31,25.51,25.29
25/07/2016,25.24,25.37,25.39,25.14
22/07/2016,25.37,25.45,25.45,25.18
21/07/2016,25.33,25.38,25.49,25.29
20/07/2016,25.62,25.57,25.68,25.41
19/07/2016,25.4,25.45,25.5,25.34
18/07/2016,25.3,25.01,25.31,25.01
15/07/2016,24.94,25.18,25.18,24.84
14/07/2016,25.19,25.02,25.33,25.01
13/07/2016,25.31,25.34,25.44,25.23
12/07/2016,25.23,25.19,25.34,25.06
11/07/2016,24.88,24.86,25.1,24.86
08/07/2016,24.53,24.24,24.64,24.24
07/07/2016,24.15,24.24,24.31,24.01
06/07/2016,24.19,24,24.21,23.77
05/07/2016,24.29,24.19,24.33,24.12
01/07/2016,24.45,24.41,24.59,24.25
30/06/2016,24.46,24.37,24.5,24.17
29/06/2016,24.45,24.16,24.45,24.15
28/06/2016,23.65,23.44,23.65,23.31
27/06/2016,22.52,22.66,22.66,22.13
24/06/2016,22.4,22.74,23.25,22.35
23/06/2016,23.97,23.68,24,23.52
22/06/2016,23.45,23.47,23.57,23.36
21/06/2016,23.59,23.58,23.69,23.39
20/06/2016,23.46,23.6,23.6,23.42
17/06/2016,23.07,23.21,23.21,22.84
16/06/2016,23.13,22.81,23.13,22.54
15/06/2016,23.02,22.96,23.22,22.88
14/06/2016,22.72,22.66,22.8,22.49
13/06/2016,22.71,22.76,23.03,22.7
10/06/2016,22.91,23.09,23.18,22.82
09/06/2016,23.41,23.36,23.48,23.3
08/06/2016,23.8,23.76,23.87,23.69
07/06/2016,23.87,23.65,23.95,23.65
06/06/2016,23.65,23.39,23.71,23.35
03/06/2016,23.04,22.92,23.09,22.8
02/06/2016,22.62,22.32,22.7,22.32
01/06/2016,22.39,22.36,22.52,22.31
31/05/2016,22.37,22.35,22.48,22.23
27/05/2016,22.45,22.59,22.63,22.43
26/05/2016,22.46,22.48,22.6,22.35
25/05/2016,22.28,22.11,22.35,22.11
24/05/2016,21.98,21.84,22.09,21.8
23/05/2016,21.89,21.9,22.03,21.79
20/05/2016,21.83,21.81,21.84,21.61
19/05/2016,21.55,21.66,21.66,21.36
18/05/2016,21.95,22.26,22.3,21.9
17/05/2016,22.01,22.27,22.27,21.9
16/05/2016,22.3,22.38,22.39,22.24
13/05/2016,22.21,22.4,22.49,22.17
12/05/2016,22.62,22.98,22.98,22.59
11/05/2016,22.86,22.82,23.03,22.74
10/05/2016,22.63,22.38,22.65,22.38
09/05/2016,22.19,22.31,22.34,22.11
06/05/2016,22.4,22.38,22.45,22.18
05/05/2016,22.31,22.45,22.59,22.2
04/05/2016,22.36,22.69,22.69,22.24
03/05/2016,22.7,22.94,22.95,22.59
02/05/2016,23.16,23.1,23.16,22.89
29/04/2016,23.09,23.11,23.21,22.87
28/04/2016,23.26,23.31,23.44,23.18
27/04/2016,23.52,23.27,23.59,23.13
26/04/2016,23.37,23.33,23.38,23.2
25/04/2016,23.59,23.68,23.8,23.54
22/04/2016,23.78,23.83,24.06,23.77
21/04/2016,23.79,24.11,24.11,23.72
20/04/2016,23.99,24.1,24.12,23.91
19/04/2016,24.1,23.87,24.15,23.75
18/04/2016,23.88,23.55,23.93,23.4
15/04/2016,23.25,23.36,23.46,23.24
14/04/2016,23.38,23.3,23.51,23.3
13/04/2016,23.74,23.7,23.77,23.53
12/04/2016,23.67,23.42,23.77,23.34
11/04/2016,23.25,23.41,23.41,23.18
08/04/2016,23.4,23.61,23.66,23.36
07/04/2016,23.22,23.55,23.62,23.17
06/04/2016,23.72,23.32,23.72,23.25
05/04/2016,23.27,23.51,23.56,23.21
04/04/2016,23.65,23.72,23.81,23.62
01/04/2016,23.75,23.25,23.83,23.23
31/03/2016,23.56,23.59,23.79,23.52
30/03/2016,23.35,23.32,23.52,23.27
29/03/2016,23,22.61,23.04,22.51
28/03/2016,22.7,23,23.04,22.67
24/03/2016,23.06,23.15,23.15,22.89
23/03/2016,23.21,23.41,23.48,23.12
22/03/2016,23.59,23.56,23.67,23.51
21/03/2016,23.66,23.78,23.87,23.6
18/03/2016,23.98,24.15,24.21,23.95
17/03/2016,24.29,24.17,24.41,24.03
16/03/2016,24.02,23.38,24.15,23.25
15/03/2016,23.59,23.59,23.6,23.34
14/03/2016,23.89,24,24,23.74
11/03/2016,23.83,23.56,23.87,23.56
10/03/2016,23.14,23.39,23.52,22.8
09/03/2016,23.23,23.22,23.45,23.13
08/03/2016,23.09,23.23,23.25,22.99
07/03/2016,23.69,23.62,23.86,23.5
04/03/2016,23.82,23.7,23.96,23.6
03/03/2016,23.55,23.31,23.61,23.31
02/03/2016,23.25,22.87,23.26,22.87
01/03/2016,23.16,22.78,23.2,22.63
29/02/2016,22.69,22.67,22.89,22.58
26/02/2016,22.1,22.36,22.43,22.07
25/02/2016,22.08,21.92,22.11,21.83
24/02/2016,21.91,21.7,21.97,21.36
23/02/2016,21.74,22,22,21.7
22/02/2016,22.37,22.31,22.4,22.21
19/02/2016,22.13,21.99,22.2,21.82
18/02/2016,22.78,22.85,22.98,22.68
17/02/2016,23.11,22.98,23.23,22.8
16/02/2016,22.69,22.59,22.79,22.53
12/02/2016,22.61,22.3,22.62,22.12
11/02/2016,22.63,22.46,22.77,22.36
10/02/2016,22.36,22.34,22.75,22.31
09/02/2016,22.22,22.08,22.36,21.89
08/02/2016,22.07,22.21,22.21,21.78
05/02/2016,22.37,22.4,22.4,22.14
04/02/2016,21.75,21.54,22.12,21.54
03/02/2016,21.41,20.99,21.45,20.64
02/02/2016,20.73,21.09,21.09,20.59
01/02/2016,21.63,21.37,21.65,21.27
29/01/2016,21.65,21.29,21.68,21.18
28/01/2016,21.11,21.12,21.24,20.89
27/01/2016,20.87,21.01,21.21,20.77
26/01/2016,21.01,20.7,21.08,20.7
25/01/2016,20.55,20.69,20.86,20.49
22/01/2016,20.79,20.68,20.87,20.59
21/01/2016,20.31,20.16,20.6,19.93
20/01/2016,20.12,20.03,20.28,19.65
19/01/2016,20.3,20.5,20.52,20.13
15/01/2016,20.1,20.1,20.26,19.78
14/01/2016,20.77,20.56,20.85,20.31
13/01/2016,20.5,20.87,20.94,20.43
12/01/2016,20.72,20.76,20.95,20.58
11/01/2016,20.19,20.29,20.37,19.95
08/01/2016,20.14,20.49,20.51,20.13
07/01/2016,20.3,20.43,20.87,20.28
06/01/2016,20.96,20.75,21.12,20.75
05/01/2016,21.04,20.87,21.11,20.87
04/01/2016,20.55,20.77,20.81,20.26
31/12/2015,20.87,21.02,21.02,20.79
30/12/2015,21,21.48,21.5,20.96
29/12/2015,21.17,21.17,21.22,21.04
28/12/2015,21.2,20.98,21.29,20.96
24/12/2015,20.97,20.99,21.07,20.93
23/12/2015,21.15,21.09,21.2,20.96
22/12/2015,21.07,20.77,21.11,20.7
21/12/2015,20.71,20.49,20.8,20.23
18/12/2015,20.23,20.45,20.49,20.18
17/12/2015,20.51,20.8,20.98,20.51
16/12/2015,20.76,20.29,20.87,20.25
15/12/2015,19.87,19.88,20.06,19.8
14/12/2015,19.54,19.49,19.56,19.22
11/12/2015,19.31,19.6,19.6,19.17
10/12/2015,20.09,20.12,20.18,20.02
09/12/2015,20.11,20.18,20.41,20
08/12/2015,20.27,20.06,20.29,19.85
07/12/2015,20.73,20.75,20.8,20.55
04/12/2015,21.08,20.46,21.09,20.45
03/12/2015,20.55,20.75,20.77,20.31
02/12/2015,20.71,20.87,21,20.59
01/12/2015,20.98,20.84,21.04,20.8
30/11/2015,20.42,20.47,20.56,20.15
27/11/2015,20.74,21.1,21.1,20.65
25/11/2015,21.1,21.18,21.18,20.96
24/11/2015,21.13,21.13,21.19,20.85
23/11/2015,20.95,21.09,21.1,20.89
20/11/2015,21.32,21.33,21.55,21.2
19/11/2015,20.96,20.91,21.09,20.77
18/11/2015,20.88,20.75,20.93,20.43
17/11/2015,20.67,20.75,20.83,20.55
16/11/2015,20.54,20.08,20.57,20.08
13/11/2015,20.04,20.33,20.33,19.98
12/11/2015,20.17,20.34,20.4,20.12
11/11/2015,20.39,20.49,20.49,20.35
10/11/2015,20.22,20.24,20.35,20.14
09/11/2015,20.21,20.62,20.7,20.06
06/11/2015,21.13,20.8,21.13,20.52
05/11/2015,21.51,21.3,21.53,21.18
04/11/2015,21.28,21.75,21.82,21.24
03/11/2015,21.52,21.25,21.6,21.08
02/11/2015,20.97,20.54,20.97,20.48
30/10/2015,20.15,20.48,20.48,20.06
29/10/2015,20.28,20.24,20.57,20.15
28/10/2015,21.02,21.64,21.66,20.93
27/10/2015,21.61,21.79,21.79,21.59
26/10/2015,21.99,22.09,22.16,21.86
23/10/2015,21.96,21.86,22.01,21.86
22/10/2015,21.77,21.44,21.86,21.39
21/10/2015,21,21.23,21.35,21
20/10/2015,21.24,21.19,21.28,21.11
19/10/2015,20.94,21.27,21.27,20.9
16/10/2015,21.23,21.13,21.24,20.96
15/10/2015,21.19,21.19,21.2,20.87
14/10/2015,20.77,20.74,20.98,20.74
13/10/2015,20.6,20.6,20.89,20.36
12/10/2015,21.88,22,22,21.83
09/10/2015,22.02,21.6,22.07,21.49
08/10/2015,21.18,20.5,21.18,20.38
07/10/2015,20.5,20.56,20.8,20.31
06/10/2015,19.68,19.61,19.76,19.5
05/10/2015,18.9,18.61,18.94,18.6
02/10/2015,17.91,17.27,17.91,17.15
01/10/2015,17.55,17.67,17.68,17.43
30/09/2015,17.69,17.69,17.74,17.48
29/09/2015,17.23,17.24,17.28,16.94
28/09/2015,16.59,16.98,17.08,16.52
25/09/2015,17.32,17.52,17.69,17.23
24/09/2015,17.29,17.27,17.35,17.05
23/09/2015,17.55,17.84,17.85,17.55
22/09/2015,18.25,18.33,18.36,18.11
21/09/2015,18.6,18.71,18.79,18.58
18/09/2015,18.51,18.7,18.93,18.48
17/09/2015,19.12,18.78,19.53,18.78
16/09/2015,18.91,18.65,19,18.59
15/09/2015,18.92,18.76,18.95,18.67
14/09/2015,18.8,19.03,19.03,18.68
11/09/2015,19.08,18.95,19.08,18.86
10/09/2015,18.77,18.67,18.92,18.61
09/09/2015,18.61,19.13,19.13,18.59
08/09/2015,18.93,18.8,18.96,18.63
04/09/2015,18.99,19.34,19.35,18.84
03/09/2015,19.53,19.52,19.9,19.52
02/09/2015,19.6,19.45,19.63,19.3
01/09/2015,19.31,19.4,19.69,19.18
31/08/2015,19.93,20.16,20.23,19.8
28/08/2015,20.2,19.86,20.2,19.86
27/08/2015,20.36,19.76,20.37,19.76
26/08/2015,18.75,18.28,18.83,18.26
25/08/2015,17.72,18.55,18.9,17.71
24/08/2015,17.67,17.34,18.22,17
21/08/2015,18.59,19.32,19.62,18.57
20/08/2015,19.8,19.94,19.94,19.7
19/08/2015,20.11,20.15,20.34,19.9
18/08/2015,20.36,20.44,20.6,20.29
17/08/2015,20.75,20.75,20.8,20.56
14/08/2015,20.87,20.89,21.05,20.84
13/08/2015,20.7,20.76,20.78,20.59
12/08/2015,20.29,20.4,20.42,20.08
11/08/2015,21.31,21.41,21.45,21.03
10/08/2015,22.47,22.3,22.51,22.27
07/08/2015,22.2,22.33,22.34,22.14
06/08/2015,22.52,22.67,22.7,22.4
05/08/2015,22.73,22.9,23.15,22.68
04/08/2015,22.38,22.42,22.6,22.29
03/08/2015,22.32,22.51,22.56,22.21
31/07/2015,22.54,22.51,22.7,22.36
30/07/2015,22.01,21.98,22.1,21.88
29/07/2015,22.13,21.92,22.2,21.87
28/07/2015,22,21.93,22.06,21.83
27/07/2015,22.02,22.08,22.18,21.9
24/07/2015,22.56,22.67,22.68,22.45
23/07/2015,22.97,23.15,23.2,22.95
22/07/2015,23.07,23.16,23.19,22.97
21/07/2015,23.21,23.28,23.33,23.14
20/07/2015,23.25,23.2,23.29,23.03
17/07/2015,23.31,23.26,23.4,23.26
16/07/2015,23.37,23.23,23.38,23.17
15/07/2015,23.1,23.25,23.44,23.08
14/07/2015,23.63,23.46,23.66,23.42
13/07/2015,23.5,23.56,23.67,23.43
10/07/2015,23.44,23.42,23.58,23.34
09/07/2015,22.8,23.11,23.21,22.79
08/07/2015,23.07,23.19,23.37,23.01
07/07/2015,23.44,23.22,23.47,23.04
06/07/2015,23.43,23.35,23.65,23.3
02/07/2015,23.73,23.51,23.89,23.51
01/07/2015,23.26,23.35,23.39,23.14
30/06/2015,23.17,23.38,23.39,23.12
29/06/2015,22.94,23.19,23.46,22.91
26/06/2015,23.4,23.51,23.58,23.34
25/06/2015,23.41,23.65,23.65,23.39
24/06/2015,23.97,24.08,24.22,23.95
23/06/2015,24.24,24.15,24.24,24.11
22/06/2015,24.07,24.19,24.25,24.02
19/06/2015,24.08,24.37,24.37,24.07
18/06/2015,24.19,24.17,24.35,24.02
17/06/2015,24.02,23.83,24.24,23.73
16/06/2015,23.58,23.45,23.63,23.4
15/06/2015,23.18,23.17,23.39,23.03
12/06/2015,23.6,23.78,23.79,23.53
11/06/2015,23.78,23.86,24,23.73
10/06/2015,23.93,23.97,24.14,23.91
09/06/2015,23.57,23.72,23.86,23.51
08/06/2015,24,24.27,24.27,23.95
05/06/2015,24.38,24.53,24.73,24.3
04/06/2015,24.51,24.77,24.77,24.42
03/06/2015,24.97,25.12,25.13,24.91
02/06/2015,25.39,25.39,25.51,25.3
01/06/2015,25.34,25.67,25.67,25.31
29/05/2015,25.71,25.67,25.91,25.67
28/05/2015,25.8,25.72,25.94,25.68
27/05/2015,25.97,25.86,26.09,25.68
26/05/2015,26.06,26.11,26.28,25.95
22/05/2015,26.32,26.42,26.48,26.26
21/05/2015,26.58,26.45,26.63,26.32
20/05/2015,26.28,26.28,26.49,26.18
19/05/2015,26.11,26.03,26.24,25.85
18/05/2015,25.84,25.92,26.01,25.81
15/05/2015,26.08,25.71,26.09,25.68
14/05/2015,26.08,26.2,26.29,26.08
13/05/2015,25.91,25.89,26.06,25.81
12/05/2015,25.4,25.42,25.48,25.32
11/05/2015,25.38,25.52,25.61,25.37
08/05/2015,25.7,25.77,25.97,25.62
07/05/2015,25.49,25.34,25.56,25.31
06/05/2015,25.43,25.73,25.79,25.32
05/05/2015,25.35,25.61,25.68,25.23
04/05/2015,25.52,25.5,25.79,25.37
01/05/2015,24.84,24.81,24.98,24.67
30/04/2015,24.76,25.31,25.31,24.7
29/04/2015,25.46,25.62,25.62,25.24
28/04/2015,26.06,26.11,26.12,25.87
27/04/2015,26.39,26.37,26.49,26.18
24/04/2015,27.43,27.57,27.63,27.4
23/04/2015,27.64,27.5,27.84,27.5
22/04/2015,27.75,27.65,27.84,27.46
21/04/2015,27.53,27.51,27.69,27.45
20/04/2015,27.26,27.41,27.55,27.22
17/04/2015,27.58,27.31,27.62,27.31
16/04/2015,27.67,27.66,27.84,27.5
15/04/2015,27.6,27.33,27.65,27.33
14/04/2015,27.35,27.25,27.41,27.13
13/04/2015,27.21,27.48,27.58,27.1
10/04/2015,27.86,27.79,27.96,27.72
09/04/2015,27.99,27.96,28.16,27.9
08/04/2015,27.81,27.77,28.02,27.55
07/04/2015,27.88,28,28.16,27.87
06/04/2015,27.97,27.76,28.17,27.75
02/04/2015,27.64,27.6,27.79,27.56
01/04/2015,27.75,27.69,27.8,27.5
31/03/2015,27.75,27.58,27.86,27.21
30/03/2015,27.62,27.29,27.73,27.29
27/03/2015,26.98,26.8,27.04,26.71
26/03/2015,26.62,26.8,26.8,26.46
25/03/2015,26.83,27.05,27.23,26.78
24/03/2015,27.51,27.34,27.53,27.31
23/03/2015,27.28,27.34,27.44,27.17
20/03/2015,27.33,27.22,27.41,27.1
19/03/2015,27.07,27.11,27.12,26.83
18/03/2015,27.37,26.59,27.46,26.38
17/03/2015,26.78,26.7,27.07,26.7
16/03/2015,26.84,26.47,26.95,26.47
13/03/2015,26.37,26.47,26.5,26.02
12/03/2015,26.58,26.81,26.94,26.49
11/03/2015,26.55,26.48,26.65,26.47
10/03/2015,26.5,26.8,26.8,26.34
09/03/2015,27,27.14,27.14,26.92
06/03/2015,27.14,27.36,27.39,26.89
05/03/2015,27.26,27.56,27.58,27.11
04/03/2015,27.3,27.49,27.51,27.13
03/03/2015,27.72,27.7,27.8,27.59
02/03/2015,27.89,27.59,27.9,27.55
27/02/2015,27.58,27.75,27.9,27.55
26/02/2015,27.9,27.89,28,27.8
25/02/2015,27.82,27.9,27.99,27.68
24/02/2015,27.75,27.64,27.87,27.33
23/02/2015,27.55,27.58,27.64,27.39
20/02/2015,27.81,27.54,27.86,27.49
19/02/2015,27.54,27.49,27.72,27.41
18/02/2015,27.58,27.57,27.68,27.34
17/02/2015,27.52,27.58,27.68,27.33
13/02/2015,27.72,27.5,27.86,27.5
12/02/2015,27.56,27.24,27.64,27.24
11/02/2015,26.9,27.06,27.06,26.77
10/02/2015,27.11,27.25,27.41,26.91
09/02/2015,27.41,27.63,27.63,27.33
06/02/2015,27.23,27,27.48,27
05/02/2015,27.37,27.31,27.49,27.1
04/02/2015,27.53,27.49,27.67,27.38
03/02/2015,27.5,27.18,27.56,27.15
02/02/2015,26.94,26.96,26.98,26.73
30/01/2015,26.61,26.92,27.02,26.58
29/01/2015,27.4,27.33,27.41,26.99
28/01/2015,27.27,27.49,27.61,27.19
27/01/2015,27.4,27.35,27.51,27.28
26/01/2015,27.71,27.6,27.77,27.45
23/01/2015,28.05,28.02,28.32,27.98
22/01/2015,28.27,27.58,28.32,27.55
21/01/2015,27.43,26.94,27.51,26.93
20/01/2015,26.67,26.8,26.85,26.53
16/01/2015,26.74,26.51,26.82,26.29
15/01/2015,26.55,26.67,26.96,26.44
14/01/2015,26.4,26.47,26.54,26.18
13/01/2015,26.7,26.84,27,26.5
12/01/2015,26.49,26.6,26.63,26.36
09/01/2015,26.63,26.79,26.89,26.57
08/01/2015,26.71,26.75,26.89,26.61
07/01/2015,26.65,26.53,26.77,26.5
06/01/2015,26.25,26.27,26.55,26.03
05/01/2015,26.27,26.65,26.65,26.21
02/01/2015,26.78,27.17,27.3,26.76
31/12/2014,27.44,27.84,27.84,27.38
30/12/2014,27.32,27.23,27.4,27.18
29/12/2014,27.2,27.37,27.38,27.18
26/12/2014,27.41,27.3,27.71,27.3
24/12/2014,27.2,26.97,27.3,26.97
23/12/2014,26.8,26.96,27.08,26.6
22/12/2014,26.87,26.72,27.01,26.62
19/12/2014,26.89,27.05,27.26,26.58
18/12/2014,26.74,26.51,26.82,26.18
17/12/2014,25.96,25.8,26.4,25.41
16/12/2014,25.07,25.04,25.77,24.72
15/12/2014,25.19,26,26.02,25.03
12/12/2014,26.49,26.82,26.94,26.43
11/12/2014,26.95,27.23,27.26,26.83
10/12/2014,27.08,27.29,27.42,26.9
09/12/2014,27.09,26.91,27.09,26.79
08/12/2014,27.08,27.28,27.29,26.96
05/12/2014,27.56,27.57,27.68,27.44
04/12/2014,27.76,27.73,27.94,27.6
03/12/2014,27.64,27.71,27.73,27.6
02/12/2014,27.7,27.71,27.88,27.59
01/12/2014,27.63,27.5,27.8,27.46
28/11/2014,27.51,27.63,27.74,27.43
26/11/2014,27.9,27.64,27.9,27.59
25/11/2014,27.59,27.88,27.88,27.53
24/11/2014,27.89,27.95,28.05,27.75
21/11/2014,28.17,28.2,28.22,27.81
20/11/2014,27.48,27.55,27.68,27.42
19/11/2014,27.85,27.86,28.06,27.75
18/11/2014,27.94,27.65,28,27.63
17/11/2014,27.38,27.25,27.46,27.25
14/11/2014,27.21,27.09,27.22,26.96
13/11/2014,26.98,27.05,27.1,26.94
12/11/2014,26.94,26.99,27.11,26.93
11/11/2014,26.99,26.85,27.02,26.77
10/11/2014,26.6,26.75,26.76,26.49
07/11/2014,26.89,26.75,26.89,26.61
06/11/2014,26.83,27.17,27.17,26.82
05/11/2014,27.11,27.13,27.27,26.86
04/11/2014,27.32,27.19,27.39,27.06
03/11/2014,27.34,27.59,27.59,27.28
31/10/2014,27.57,27.52,27.79,27.37
30/10/2014,27.45,27.25,27.56,27.09
29/10/2014,27.28,27.29,27.55,27.07
28/10/2014,27.03,26.99,27.09,26.91
27/10/2014,27.19,27.2,27.24,26.81
24/10/2014,27.67,27.63,27.8,27.51
23/10/2014,27.86,27.63,28.04,27.62
22/10/2014,27.43,27.58,27.69,27.34
21/10/2014,27.61,27.35,27.8,27.25
20/10/2014,27.39,27.15,27.5,27.12
17/10/2014,27.05,26.87,27.43,26.82
16/10/2014,26.06,25.65,26.41,25.51
15/10/2014,26.05,25.91,26.2,25.28
14/10/2014,26.01,26.05,26.17,25.8
13/10/2014,25.69,25.97,26.2,25.69
10/10/2014,25.66,25.9,26.45,25.53
09/10/2014,25.93,26.37,26.37,25.74
08/10/2014,26.59,26.07,26.68,25.7
07/10/2014,26.31,26.47,26.51,26.28
06/10/2014,26.38,26.2,26.73,26.2
03/10/2014,26.06,26,26.19,25.8
02/10/2014,26.6,26.54,26.89,26.18
01/10/2014,26.85,27.33,27.69,26.66
30/09/2014,27.22,27.13,27.33,27.11
29/09/2014,27.1,27.25,27.25,26.88
26/09/2014,27.43,27.58,27.72,27.34
25/09/2014,28.01,28.22,28.34,27.89
24/09/2014,28.45,28.06,28.59,28.04
23/09/2014,27.98,28.11,28.29,27.98
22/09/2014,28.01,28.41,28.41,27.93
19/09/2014,28.23,28.5,28.57,28.01
18/09/2014,28.25,28.18,28.43,28.09
17/09/2014,27.88,28.24,28.32,27.82
16/09/2014,28.22,27.6,28.43,27.5
15/09/2014,27.62,27.94,27.94,27.5
12/09/2014,27.79,28.38,28.4,27.62
11/09/2014,27.97,28.2,28.54,27.87
10/09/2014,28.27,28.39,28.41,28.07
09/09/2014,28.59,28.88,29.13,28.39
08/09/2014,29.14,29.1,29.32,29.01
05/09/2014,29.24,28.94,29.29,28.94
04/09/2014,28.88,28.89,29.08,28.8
03/09/2014,28.98,29,29.1,28.85
02/09/2014,28.91,28.93,29,28.78
29/08/2014,28.75,28.9,28.99,28.54
28/08/2014,28.94,28.82,28.99,28.64
27/08/2014,29.1,28.97,29.11,28.9
26/08/2014,28.93,28.82,29,28.8
25/08/2014,29.05,29.01,29.07,28.85
22/08/2014,28.82,29.23,29.23,28.74
21/08/2014,29.17,29.14,29.43,29.12
20/08/2014,29.26,29.06,29.31,29.06
19/08/2014,29.23,29.11,29.25,29
18/08/2014,29.17,29.06,29.43,28.8
15/08/2014,28.82,29.02,29.09,28.62
14/08/2014,29.11,29.09,29.19,29.04
13/08/2014,29.16,29.32,29.47,29.09
12/08/2014,29.06,28.97,29.07,28.84
11/08/2014,29.05,28.78,29.11,28.72
08/08/2014,28.33,28.29,28.75,28.14
07/08/2014,27.97,28.14,28.14,27.74
06/08/2014,27.85,27.79,28.02,27.75
05/08/2014,28.38,28.64,28.77,28.16
04/08/2014,28.8,28.59,28.93,28.38
01/08/2014,27.96,27.8,28.19,27.5
31/07/2014,27.74,28.16,28.61,27.47
30/07/2014,28.68,28.88,29.25,28.51
29/07/2014,29.08,29.36,29.36,28.98
28/07/2014,29.28,28.97,29.33,28.85
25/07/2014,28.89,29,29.07,28.58
24/07/2014,29.21,29.23,29.28,29.1
23/07/2014,29.29,29.57,29.57,29.17
22/07/2014,29.37,29.23,29.83,28.99
21/07/2014,29.45,29.36,29.57,29.04
18/07/2014,28.87,28.83,29,28.78
17/07/2014,28.2,28.62,28.7,28.15
16/07/2014,28.82,28.77,28.99,28.77
15/07/2014,28.35,28.46,28.54,28.2
14/07/2014,28.46,28.35,28.51,28.35
11/07/2014,28.62,28.35,28.67,28.2
10/07/2014,28.88,28.6,28.95,28.21
09/07/2014,29.35,28.91,29.49,28.86
08/07/2014,28.21,28.1,28.3,28.1
07/07/2014,27.89,27.72,27.97,27.58
03/07/2014,26.77,26.74,26.91,26.58
02/07/2014,26.88,26.81,26.91,26.65
01/07/2014,26.69,26.8,26.8,26.44
30/06/2014,26.38,26.63,26.68,26.2
27/06/2014,25.85,25.95,26,25.73
26/06/2014,25.92,26.03,26.08,25.88
25/06/2014,25.97,25.94,26.08,25.75
24/06/2014,26.39,26.45,26.67,26.33
23/06/2014,26.48,26.66,26.66,26.34
20/06/2014,26.64,26.9,26.9,26.45
19/06/2014,26.84,26.72,26.92,26.57
18/06/2014,27,26.75,27.02,26.45
17/06/2014,26.87,26.84,26.97,26.71
16/06/2014,26.85,27.15,27.15,26.73
13/06/2014,27.21,27.61,27.83,27.04
12/06/2014,27.22,27.55,27.67,27.05
11/06/2014,27.52,27.71,27.73,27.42
10/06/2014,27.66,27.57,27.72,27.39
09/06/2014,27.39,27.5,27.69,27.05
06/06/2014,27.71,27.56,28,27.56
05/06/2014,27.4,27.35,27.6,27.27
04/06/2014,27.23,27.31,27.35,27.04
03/06/2014,27.79,27.59,27.85,27.41
02/06/2014,27.36,27.39,27.52,27.3
30/05/2014,27.41,27.87,27.92,27.32
29/05/2014,28.46,28.6,28.64,28.4
28/05/2014,28.3,28.36,28.47,28.15
27/05/2014,28.36,28.29,28.55,28.15
23/05/2014,28.41,28.43,28.64,28.35
22/05/2014,28.7,28.5,28.75,28.46
21/05/2014,28.1,28.19,28.4,28.07
20/05/2014,27.94,28.23,28.23,27.76
19/05/2014,29.22,29.35,29.45,29.19
16/05/2014,29.57,29.24,29.65,29.11
15/05/2014,28.81,28.9,28.9,28.5
14/05/2014,29.1,28.7,29.15,28.62
13/05/2014,28.36,28.24,28.44,28.13
12/05/2014,28.38,28.35,28.62,28.33
09/05/2014,27.96,27.89,28.12,27.72
08/05/2014,27.7,27.58,28,27.54
07/05/2014,27.79,27.66,27.79,27.4
06/05/2014,27.61,27.5,27.78,27.49
05/05/2014,27.66,27.71,27.71,27.5
02/05/2014,27.7,27.53,27.8,27.52
01/05/2014,27.8,27.55,27.87,27.39
30/04/2014,27.68,27.62,27.75,27.38
29/04/2014,27.57,27.31,27.73,27.18
28/04/2014,26.97,27.14,27.36,26.66
25/04/2014,27.55,27.45,27.71,27.21
24/04/2014,27.42,27.25,27.43,27.05
23/04/2014,27.25,27.61,27.61,26.89
22/04/2014,27.74,27.76,27.99,27.61
21/04/2014,28.04,28.18,28.42,27.98
17/04/2014,28.34,28.2,28.55,28.03
16/04/2014,28.21,27.8,28.31,27.72
15/04/2014,27.76,27.95,27.98,27.02
14/04/2014,27.83,27.94,28.11,27.6
11/04/2014,27.48,27.4,27.67,27.11
10/04/2014,27.43,27.44,27.75,27.3
09/04/2014,28.44,29.19,29.31,28.03
08/04/2014,29.07,28.75,29.41,28.73
07/04/2014,28.4,28.6,28.81,28.24
04/04/2014,28.3,28.41,28.91,28.08
03/04/2014,28.36,28.46,28.48,27.84
02/04/2014,28.48,28.47,28.57,28.39
01/04/2014,28.65,28.47,28.69,28.22
31/03/2014,27.64,27.9,28.1,27.62
28/03/2014,27.47,27.55,27.8,27.41
27/03/2014,27.13,27.04,27.38,26.79
26/03/2014,26.98,27.29,27.54,26.92
25/03/2014,27.15,27.16,27.47,27.03
24/03/2014,27.18,27,27.32,26.95
21/03/2014,27.03,27.15,27.46,26.84
20/03/2014,27.12,26.87,27.15,26.53
19/03/2014,27.73,28.52,28.52,27.53
18/03/2014,28.47,28.26,28.49,27.96
17/03/2014,28.5,28.25,28.7,28.25
14/03/2014,28.05,27.77,28.49,27.69
13/03/2014,26.46,26.85,26.99,26.22
12/03/2014,26.6,26.33,26.63,26.19
11/03/2014,26.42,26.73,26.94,26.3
10/03/2014,26.51,26.57,26.7,26.31
07/03/2014,26.41,26.76,26.76,26.15
06/03/2014,26.77,26.68,26.98,26.55
05/03/2014,26.33,26.15,26.37,26
04/03/2014,25.92,26,26.18,25.83
03/03/2014,25.42,25.53,25.75,25.26
28/02/2014,25.56,25.95,26.07,25.4
27/02/2014,25.7,25.24,25.82,25.14
26/02/2014,25.02,25.2,25.21,24.75
25/02/2014,25.25,25.61,25.63,25.11
24/02/2014,25.94,25.98,26.19,25.87
21/02/2014,25.92,25.84,26,25.6
20/02/2014,25.58,25.47,25.64,25.06
19/02/2014,25.16,25.4,25.66,25.06
18/02/2014,25.05,25.6,25.6,25.04
14/02/2014,25.29,24.97,25.33,24.9
13/02/2014,24.63,24.27,24.64,24.09
12/02/2014,24.22,24.36,24.53,24.09
11/02/2014,24.29,23.83,24.34,23.7
10/02/2014,23.43,24,24.02,23.3
07/02/2014,24.16,24.1,24.48,23.97
06/02/2014,23.91,23.62,24.17,23.6
05/02/2014,23.28,23.28,23.49,22.99
04/02/2014,23.41,23.08,23.68,23
03/02/2014,22.34,22.97,23,22.26
31/01/2014,23.2,22.9,23.33,22.4
30/01/2014,23.23,23.41,23.41,23.05
29/01/2014,22.53,22.88,22.88,22.24
28/01/2014,22.65,22.66,22.9,22.42
27/01/2014,22.29,22.57,22.6,21.99
24/01/2014,22.64,23.24,23.24,22.5
23/01/2014,23.58,23.87,23.87,23.26
22/01/2014,24.03,23.69,24.04,23.49
21/01/2014,23.4,23.81,23.89,23.17
17/01/2014,23.39,23.5,23.68,23.26
16/01/2014,23.34,23.76,23.76,23.19
15/01/2014,23.83,23.85,23.86,23.57
14/01/2014,23.39,23.46,23.49,22.88
13/01/2014,23.22,23.69,23.83,23.12
10/01/2014,22.85,22.43,22.99,22.36
09/01/2014,21.88,21.9,22,21.65
08/01/2014,21.83,21.75,21.93,21.68
07/01/2014,21.68,21.82,21.95,21.64
06/01/2014,21.76,22.26,22.26,21.72
03/01/2014,22.02,22.41,22.64,21.82
02/01/2014,22.2,22.93,22.93,22.06
31/12/2013,22.84,22.83,22.91,22.59
30/12/2013,22.49,22.43,22.55,22.24
27/12/2013,22.19,22.03,22.23,21.88
26/12/2013,21.85,21.95,22.05,21.84
24/12/2013,22.01,21.86,22.14,21.86
23/12/2013,21.78,21.77,22.14,21.6
20/12/2013,21.74,21.94,22.1,21.69
19/12/2013,22.18,22.26,22.39,21.87
18/12/2013,22.42,21.89,22.66,21.55
17/12/2013,22.07,22.3,22.38,22.02
16/12/2013,22.09,22.23,22.39,22.01
13/12/2013,21.98,22.04,22.29,21.81
12/12/2013,22.32,22.64,22.66,22.2
11/12/2013,22.48,23.06,23.24,22.41
10/12/2013,23.15,22.81,23.2,22.8
09/12/2013,22.74,22.79,23,22.61
06/12/2013,22.68,22.61,22.86,22.32
05/12/2013,22.28,22.39,22.67,22.27
04/12/2013,22.67,22.66,22.78,22.33
03/12/2013,22.9,23.1,23.2,22.76
02/12/2013,23.11,23.68,23.84,23.03
29/11/2013,23.11,22.97,23.19,22.81
27/11/2013,23.25,22.98,23.32,22.8
26/11/2013,23.22,23,23.28,22.62
25/11/2013,23.45,23.79,23.79,23.35
22/11/2013,23.63,23.58,23.75,23.41
21/11/2013,23.79,23.77,24,23.67
20/11/2013,23.54,24.07,24.1,23.43
19/11/2013,24.24,24.92,24.92,24.16
18/11/2013,24.43,24.96,25.04,24.38
15/11/2013,24.56,24.37,24.93,24.32
14/11/2013,24.65,24.22,24.76,24.02
13/11/2013,24.01,23.82,24.14,23.59
12/11/2013,23.98,24.43,24.5,23.58
11/11/2013,24.52,24.94,24.94,24.5
08/11/2013,25.03,24.98,25.05,24.7
07/11/2013,24.77,25.76,25.85,24.67
06/11/2013,25.12,25.16,25.39,25.05
05/11/2013,24.89,24.93,25.25,24.79
04/11/2013,25.33,25.05,25.49,25.02
01/11/2013,25.01,25.3,25.6,24.66
31/10/2013,25.68,25.99,26.28,25.52
30/10/2013,26.38,26.89,26.9,26.01
29/10/2013,26.9,27.09,27.09,26.74
28/10/2013,27.29,27.05,27.45,27.02
25/10/2013,27.37,27.2,27.45,26.95
24/10/2013,26.5,26.73,26.98,26.48
23/10/2013,25.98,26.53,26.53,25.9
22/10/2013,26.45,26.49,26.95,26.27
21/10/2013,26.63,26.68,26.92,26.48
18/10/2013,26.83,26.68,26.96,26.42
17/10/2013,26.71,26.21,26.78,26.21
16/10/2013,26.3,26.21,26.46,25.91
15/10/2013,26.16,26.83,27.03,26.1
14/10/2013,26.99,25.87,27.1,25.84
11/10/2013,26.04,26.27,26.39,25.95
10/10/2013,26.2,25.5,26.37,25.5
09/10/2013,25.3,25.19,25.39,24.79
08/10/2013,24.46,25.25,25.25,24.43
07/10/2013,24.7,24.5,24.9,24.4
04/10/2013,25.05,24.6,25.19,24.5
03/10/2013,24.55,25.18,25.26,24.33
02/10/2013,25.17,24.78,25.19,24.7
01/10/2013,24.81,24.2,24.91,24.15
30/09/2013,23.59,23.8,23.81,23.4
27/09/2013,24.4,24.65,24.74,24.2
26/09/2013,25.04,25.1,25.39,24.72
25/09/2013,24.48,24.86,25.05,24.38
24/09/2013,25.24,25.55,25.75,25.08
23/09/2013,26.2,26.29,26.43,26.06
20/09/2013,26.43,26.42,27.13,26.39
19/09/2013,27.95,27.76,28.1,27.65
18/09/2013,27.77,25.32,27.95,24.92
17/09/2013,25.37,25.93,25.93,25.3
16/09/2013,26.01,26,26.39,25.76
13/09/2013,24.95,24.68,25,24.6
12/09/2013,24.32,25,25.08,24.15
11/09/2013,24.73,25.09,25.09,24.39
10/09/2013,25.24,25.34,25.34,24.99
09/09/2013,24.23,23.49,24.5,23.49
06/09/2013,23,22.42,23.18,22.06
05/09/2013,22.39,21.87,22.42,21.8
04/09/2013,22.45,22.16,22.56,22
03/09/2013,22.3,22.84,23.03,22.19
30/08/2013,23.02,23.59,23.59,22.64
29/08/2013,22.36,22.8,23.03,22.29
28/08/2013,21.92,21.7,22.32,21.55
27/08/2013,21.14,21.73,22.15,21.06
26/08/2013,23.08,23.88,23.89,23.08
23/08/2013,24.26,24.24,24.4,24.12
22/08/2013,24.29,23.9,24.58,23.9
21/08/2013,23.81,24.64,24.7,23.7
20/08/2013,24.89,24.69,25.33,24.55
19/08/2013,25.88,26.24,26.34,25.85
16/08/2013,27.96,28.37,28.58,27.89
15/08/2013,29.1,29.31,29.31,28.69
14/08/2013,29.82,29.85,30,29.75
13/08/2013,29.38,29.28,29.56,29.12
12/08/2013,29.29,29.06,29.34,28.94
09/08/2013,28.89,28.82,29.28,28.78
08/08/2013,28.83,28.69,29.03,28.24
07/08/2013,28.33,28.52,28.84,28.27
06/08/2013,28.98,29.15,29.31,28.79
05/08/2013,29.32,29.73,29.74,29.22
02/08/2013,29.83,29.33,29.99,29.33
01/08/2013,29.7,29.37,29.88,29.29
31/07/2013,28.99,29.02,29.37,28.63
30/07/2013,28.8,29.3,29.37,28.73
29/07/2013,29,29.02,29.15,28.85
26/07/2013,29.66,29.31,29.67,29.13
25/07/2013,29.75,29.58,29.8,29.43
24/07/2013,29.73,29.88,30.06,29.65
23/07/2013,30.32,30.58,30.7,30.23
22/07/2013,30.27,29.99,30.32,29.77
19/07/2013,30.13,30.44,30.44,29.91
18/07/2013,30.19,30.39,30.53,30.14
17/07/2013,30.6,30.61,30.88,30.51
16/07/2013,30.39,30.21,30.52,30
15/07/2013,30.37,30.22,30.72,30.22
12/07/2013,30.23,30.3,30.35,29.95
11/07/2013,30.67,29.98,30.87,29.97
10/07/2013,28.88,29.12,29.33,28.81
09/07/2013,28.85,28.5,28.97,28.39
08/07/2013,28.91,28.44,29.14,28.44
05/07/2013,29.37,29.75,29.9,28.61
03/07/2013,29.87,29.72,30.22,29.36
02/07/2013,30.43,30.99,31.29,30.1
01/07/2013,31.03,31.63,31.74,30.94
28/06/2013,31.17,31.25,31.5,30.93
27/06/2013,31.49,31,31.52,30.74
26/06/2013,30.93,30.23,31.07,30.23
25/06/2013,29.16,28.92,29.37,28.71
24/06/2013,28.72,28.71,29.2,28.3
21/06/2013,29.51,29.38,29.84,28.53
20/06/2013,28.64,30.12,30.13,28.24
19/06/2013,30.9,31.94,32.02,30.82
18/06/2013,32.52,32.17,32.73,32.1
17/06/2013,31.95,32.15,32.19,31.83
14/06/2013,31.53,31.88,31.94,31.22
13/06/2013,31.4,30.17,31.44,30.17
12/06/2013,30.22,31.11,31.26,29.87
11/06/2013,29.87,30.15,30.41,29.67
10/06/2013,31.08,31.53,31.53,30.95
07/06/2013,32.51,32.42,33.16,32.23
06/06/2013,33.19,32.6,33.2,32.51
05/06/2013,32.76,33.68,33.78,32.72
04/06/2013,33.56,34.09,34.16,33.55
03/06/2013,34.05,33.46,34.1,33.27
31/05/2013,33.81,34.41,34.6,33.81
30/05/2013,34.81,34.62,35.04,34.62
29/05/2013,35.2,35.46,35.48,35.11
28/05/2013,35.36,35.47,35.64,35.28
24/05/2013,34.99,35.33,35.33,34.85
23/05/2013,35.35,35.31,35.4,34.64
22/05/2013,35.78,36.15,36.48,35.64
21/05/2013,35.91,35.96,36.1,35.73
20/05/2013,36.16,36.22,36.3,36.07
17/05/2013,35.63,35.51,35.66,35.48
16/05/2013,35.13,35.2,35.3,35.11
15/05/2013,35.37,35.26,35.43,35.16
14/05/2013,35.48,35.21,35.48,35.2
13/05/2013,35.11,35.25,35.3,35.06
10/05/2013,35.48,35.43,35.57,35.35
09/05/2013,35.35,35.59,35.62,35.25
08/05/2013,35.5,35.55,35.55,35.43
07/05/2013,35.37,35.21,35.48,35.2
06/05/2013,34.91,34.81,35.01,34.81
03/05/2013,34.76,34.75,34.92,34.63
02/05/2013,35.24,34.82,35.27,34.79
01/05/2013,35.27,35.56,35.56,35.2
30/04/2013,35.57,35.51,35.62,35.11
29/04/2013,35.35,35.21,35.38,35.03
26/04/2013,34.64,34.81,34.91,34.58
25/04/2013,35.15,34.94,35.22,34.91
24/04/2013,35.4,34.99,35.48,34.99
23/04/2013,35.35,35.08,35.45,34.84
22/04/2013,35.09,34.95,35.12,34.73
19/04/2013,34.88,34.93,34.96,34.75
18/04/2013,34.75,34.88,34.98,34.63
17/04/2013,34.63,34.63,34.84,34.45
16/04/2013,34.66,34.69,34.71,34.33
15/04/2013,33.5,33.89,33.98,33.47
12/04/2013,34.1,34.38,34.4,33.88
11/04/2013,34.38,34.18,34.49,34.17
10/04/2013,34.24,34.08,34.37,34.02
09/04/2013,34.22,34.11,34.43,33.84
08/04/2013,33.92,33.82,33.97,33.66
05/04/2013,34.07,33.52,34.11,33.52
04/04/2013,34.08,34,34.17,33.88
03/04/2013,34.4,34.64,34.86,34.33
02/04/2013,34.59,34.54,34.75,34.54
01/04/2013,34.41,34.69,34.7,34.37
28/03/2013,34.84,34.6,34.89,34.6
27/03/2013,34.61,34.42,34.72,34.34
26/03/2013,34.12,33.92,34.15,33.86
25/03/2013,33.13,33.4,33.45,33.03
22/03/2013,33.2,33.28,33.28,32.94
21/03/2013,33.56,33.75,33.78,33.51
20/03/2013,34.19,34.06,34.26,34.01
19/03/2013,33.76,34.02,34.02,33.56
18/03/2013,33.75,33.7,33.87,33.56
15/03/2013,33.93,33.91,34.14,33.81
14/03/2013,33.73,33.77,33.88,33.62
13/03/2013,34,34.31,34.31,33.95
12/03/2013,34.26,34.45,34.45,34.23
11/03/2013,34.56,34.61,34.64,34.4
08/03/2013,34.87,34.6,34.92,34.59
07/03/2013,34.46,34.47,34.55,34.4
06/03/2013,34.38,34.35,34.44,34.27
05/03/2013,33.95,33.76,34.08,33.76
04/03/2013,33.84,33.88,33.93,33.62
01/03/2013,34.36,34.39,34.39,34.01
28/02/2013,34.11,34,34.25,33.95
27/02/2013,33.81,33.42,33.84,33.41
26/02/2013,32.86,32.84,32.87,32.51
25/02/2013,32.57,32.86,33.14,32.48
22/02/2013,32.52,32.51,32.54,32.33
21/02/2013,32.14,32.23,32.41,31.92
20/02/2013,32.31,32.61,32.69,32.31
19/02/2013,32.61,32.59,32.65,32.42
15/02/2013,32.63,32.6,32.71,32.55
14/02/2013,32.52,32.4,32.54,32.15
13/02/2013,32.39,32.59,32.59,32.36
12/02/2013,32.38,32.01,32.43,32.01
11/02/2013,31.95,31.73,31.96,31.64
08/02/2013,31.73,31.45,31.73,31.38
07/02/2013,31.31,31.17,31.53,31.13
06/02/2013,31.34,31.3,31.36,31.2
05/02/2013,31.34,31.54,31.59,31.22
04/02/2013,31.05,31.4,31.41,30.94
01/02/2013,31.46,31.29,31.57,31.27
31/01/2013,30.78,30.43,30.81,30.43
30/01/2013,30.68,30.8,30.8,30.63
29/01/2013,30.63,30.69,30.7,30.41
28/01/2013,30.23,30.5,30.74,30.21
25/01/2013,30.64,30.65,30.78,30.55
24/01/2013,30.43,30.82,30.82,30.42
23/01/2013,30.64,30.54,30.74,30.53
22/01/2013,30.86,30.94,30.94,30.7
18/01/2013,30.98,30.97,31,30.76
17/01/2013,30.53,30.43,30.71,30.38
16/01/2013,30.61,30.26,30.68,30.26
15/01/2013,30.34,30.15,30.34,30.1
14/01/2013,30.04,30.18,30.18,29.79
11/01/2013,29.57,29.68,29.69,29.49
10/01/2013,29.76,29.76,29.81,29.5
09/01/2013,30.22,30.24,30.31,30.08
08/01/2013,30.45,30.59,30.59,30.32
07/01/2013,30.56,30.65,30.7,30.43
04/01/2013,30.78,30.77,30.87,30.61
03/01/2013,30.68,30.75,30.82,30.57
02/01/2013,30.61,30.4,30.64,30.29
31/12/2012,30.26,29.9,30.39,29.88
28/12/2012,29.86,29.59,29.94,29.59
27/12/2012,29.61,29.6,29.75,29.45
26/12/2012,29.6,29.67,29.71,29.59
24/12/2012,29.66,29.77,29.77,29.63
21/12/2012,29.81,29.63,29.81,29.52
20/12/2012,29.89,29.9,29.94,29.62
19/12/2012,29.96,30.2,30.24,29.93
18/12/2012,30.41,30.2,30.42,29.94
17/12/2012,30.48,30.25,30.49,30.16
14/12/2012,30.19,29.97,30.32,29.97
13/12/2012,30.35,30.54,30.54,30.28
12/12/2012,30.41,30.46,30.55,30.28
11/12/2012,30.22,30.25,30.38,30.1
10/12/2012,30.12,29.82,30.14,29.82
07/12/2012,29.91,29.86,29.92,29.78
06/12/2012,30,29.87,30.02,29.8
05/12/2012,29.73,29.98,29.99,29.71
04/12/2012,29.85,29.98,30.03,29.81
03/12/2012,30.21,30.34,30.35,30.13
30/11/2012,29.96,30.18,30.23,29.88
29/11/2012,30.22,30.48,30.48,30.16
28/11/2012,30.31,30.12,30.39,29.97
27/11/2012,30.47,30.74,30.78,30.44
26/11/2012,31.08,30.87,31.18,30.86
23/11/2012,30.86,30.86,30.96,30.75
21/11/2012,30.62,30.58,30.64,30.45
20/11/2012,30.73,30.55,30.75,30.44
19/11/2012,30.9,30.77,30.91,30.56
16/11/2012,30.55,30.43,30.57,30.18
15/11/2012,30.45,30.28,30.58,30.28
14/11/2012,30.32,30.78,30.87,30.31
13/11/2012,30.93,30.67,31.04,30.63
12/11/2012,30.73,30.79,30.83,30.62
09/11/2012,30.68,30.44,30.85,30.44
08/11/2012,30.34,30.53,30.74,30.27
07/11/2012,30.47,30.61,30.69,30.23
06/11/2012,30.88,30.44,30.88,30.44
05/11/2012,30.68,30.63,30.75,30.3
02/11/2012,30.76,30.85,31.04,30.59
01/11/2012,30.9,30.68,31.11,30.61
31/10/2012,30.48,30.5,30.65,30.39
26/10/2012,30.59,30.61,30.68,30.39
25/10/2012,30.68,30.82,30.88,30.61
24/10/2012,30.5,30.72,30.86,30.5
23/10/2012,30.48,30.59,30.61,30.3
22/10/2012,30.9,30.56,30.95,30.56
19/10/2012,30.44,30.82,30.82,30.32
18/10/2012,30.88,30.87,31.03,30.81
17/10/2012,31.01,31.04,31.09,30.88
16/10/2012,30.99,30.8,31.03,30.8
15/10/2012,30.57,30.45,30.74,30.45
12/10/2012,30.43,30.33,30.57,30.33
11/10/2012,30.32,30.35,30.53,30.32
10/10/2012,30.23,30.37,30.42,30.16
09/10/2012,30.48,30.59,30.59,30.26
08/10/2012,30.52,30.4,30.52,30.26
05/10/2012,30.71,30.65,30.97,30.61
04/10/2012,30.45,30.12,30.45,30.12
03/10/2012,30,30.06,30.06,29.8
02/10/2012,29.98,30.04,30.09,29.81
01/10/2012,29.99,29.8,30.12,29.8
28/09/2012,29.87,29.7,29.95,29.65
27/09/2012,29.9,29.62,29.93,29.5
26/09/2012,28.97,29.12,29.13,28.92
25/09/2012,29.32,29.83,29.83,29.32
24/09/2012,29.54,29.45,29.59,29.34
21/09/2012,29.82,30.08,30.23,29.8
20/09/2012,29.73,29.71,29.82,29.43
19/09/2012,29.83,29.75,29.88,29.72
18/09/2012,29.88,29.97,30.05,29.8
17/09/2012,30.17,30.3,30.44,30.14
14/09/2012,30.19,30.16,30.71,30.15
13/09/2012,29.98,29.33,30,29.06
12/09/2012,29.26,29.28,29.39,29.21
11/09/2012,29.19,29.23,29.33,29.16
10/09/2012,29.13,29.31,29.37,29.06
07/09/2012,29.37,29.04,29.37,28.92
06/09/2012,28.98,28.52,29.03,28.52
05/09/2012,28.43,28.61,28.66,28.37
04/09/2012,28.43,28.59,28.69,28.41
31/08/2012,28.35,28.39,28.63,28.25
30/08/2012,27.85,28.16,28.32,27.85
29/08/2012,28.65,28.94,29,28.57
28/08/2012,29.09,29.33,29.33,29.06
27/08/2012,29.29,29.62,29.62,29.29
24/08/2012,29.52,29.44,29.56,29.27
23/08/2012,29.59,29.57,29.64,29.45
22/08/2012,29.78,29.73,29.81,29.43
21/08/2012,29.87,30.06,30.18,29.81
20/08/2012,29.94,29.81,29.97,29.8
17/08/2012,29.99,30.02,30.03,29.81
16/08/2012,30.1,29.94,30.16,29.82
15/08/2012,29.69,29.56,29.78,29.5
14/08/2012,29.47,29.63,29.63,29.37
13/08/2012,29.35,29.47,29.53,29.2
10/08/2012,29.93,29.69,29.93,29.63
09/08/2012,29.73,29.52,29.92,29.52
08/08/2012,29.61,29.35,29.66,29.35
07/08/2012,29.61,29.62,29.69,29.49
06/08/2012,29.61,29.58,29.71,29.45
03/08/2012,29.85,29.77,29.88,29.55
02/08/2012,29.04,28.98,29.29,28.85
01/08/2012,29.61,29.65,29.79,29.56
31/07/2012,29.76,29.79,29.94,29.61
30/07/2012,29.52,29.23,29.53,29.21
27/07/2012,29.66,29.22,29.72,29.15
26/07/2012,28.86,28.74,28.94,28.62
25/07/2012,28.33,28.28,28.52,28.18
24/07/2012,28.19,28.41,28.41,27.95
23/07/2012,28.3,28.39,28.39,28
20/07/2012,28.86,28.89,29,28.77
19/07/2012,29.42,29.3,29.44,29.15
18/07/2012,29.32,29,29.39,29
17/07/2012,29.36,29,29.38,28.72
16/07/2012,28.78,28.86,28.86,28.51
13/07/2012,28.6,28.4,28.77,28.34
12/07/2012,28.19,28.28,28.31,27.96
11/07/2012,28.45,28.43,28.55,28.24
10/07/2012,28.05,28.67,28.7,27.99
09/07/2012,28.42,28.36,28.49,28.25
06/07/2012,28.74,28.71,28.84,28.62
05/07/2012,29.12,29.21,29.26,29.09
03/07/2012,29.39,29.15,29.56,29.07
02/07/2012,28.5,28.69,28.73,28.47
29/06/2012,28.64,28.35,28.68,28.32
28/06/2012,27.52,27.38,27.52,27.14
27/06/2012,27.81,27.82,27.9,27.69
26/06/2012,27.36,27.48,27.57,27.13
25/06/2012,27.03,27.03,27.19,26.82
22/06/2012,27.53,27.45,27.59,27.3
21/06/2012,26.99,27.7,27.72,26.96
20/06/2012,28.11,28.06,28.15,27.72
19/06/2012,27.88,27.71,28.01,27.65
18/06/2012,27.42,27.44,27.55,27.29
15/06/2012,27.27,26.98,27.29,26.98
14/06/2012,27.12,27.07,27.29,26.92
13/06/2012,27.32,27.57,27.69,27.27
12/06/2012,27.5,27.4,27.5,27.22
11/06/2012,27.14,27.51,27.84,27.1
08/06/2012,27.51,27.42,27.54,27.2
07/06/2012,27.7,28.22,28.26,27.65
06/06/2012,27.83,27.4,27.83,27.32
05/06/2012,26.36,26.33,26.49,26.24
04/06/2012,25.9,25.99,26.01,25.7
01/06/2012,26.25,26.69,26.72,26.23
31/05/2012,26.83,26.9,26.99,26.6
30/05/2012,27.24,27.43,27.56,27.08
29/05/2012,27.38,27.52,27.68,27.24
25/05/2012,26.78,27.52,27.59,26.7
24/05/2012,28.46,28.85,28.85,28.29
23/05/2012,28.94,28.78,28.96,28.46
22/05/2012,29.13,29.16,29.49,28.99
21/05/2012,28.95,28.46,28.96,28.41
18/05/2012,28.32,28.61,28.76,28.25
17/05/2012,28.63,28.96,29.09,28.63
16/05/2012,28.89,29.1,29.25,28.85
15/05/2012,29.3,29.32,29.51,29.25
14/05/2012,29.53,29.78,29.8,29.53
11/05/2012,30.22,30.02,30.45,30.02
10/05/2012,30.35,30.36,30.5,30.32
09/05/2012,30.25,30.23,30.4,30.1
08/05/2012,30.81,30.97,30.97,30.5
07/05/2012,30.97,30.91,31.09,30.86
04/05/2012,30.87,30.89,31.05,30.82
03/05/2012,30.98,31.25,31.25,30.92
02/05/2012,31.25,31.08,31.25,30.91
01/05/2012,31.16,31.02,31.33,30.97
30/04/2012,30.93,31.04,31.06,30.81
27/04/2012,31.14,31.16,31.2,30.91
26/04/2012,31.13,30.91,31.18,30.91
25/04/2012,30.88,30.95,30.95,30.73
24/04/2012,30.88,30.9,30.96,30.76
23/04/2012,30.86,30.79,30.87,30.6
20/04/2012,31.21,31.16,31.45,31.16
19/04/2012,30.82,31,31.08,30.66
18/04/2012,31.03,31.07,31.16,30.96
17/04/2012,31.22,31.02,31.29,30.93
16/04/2012,30.72,31.01,31.13,30.61
13/04/2012,30.83,31.19,31.25,30.76
12/04/2012,31.3,30.84,31.34,30.64
11/04/2012,30.62,30.73,30.73,30.55
10/04/2012,30.39,30.85,30.92,30.33
09/04/2012,31.12,31.08,31.16,30.95
05/04/2012,31.42,31.15,31.5,31.14
04/04/2012,31.05,31.07,31.11,30.76
03/04/2012,31.8,31.87,32.06,31.68
02/04/2012,31.72,31.26,31.78,31.16
30/03/2012,30.94,30.84,30.95,30.69
29/03/2012,30.47,30.36,30.55,30.14
28/03/2012,30.29,30.6,30.6,30.17
27/03/2012,30.34,30.5,30.5,30.32
26/03/2012,30.56,30.28,30.57,30.27
23/03/2012,30.19,30.18,30.24,29.98
22/03/2012,29.87,30.1,30.12,29.73
21/03/2012,30.17,30.07,30.26,29.98
20/03/2012,29.89,30.14,30.14,29.84
19/03/2012,30.44,30.21,30.61,30.21
16/03/2012,30.37,30.4,30.46,30.32
15/03/2012,30.45,30.36,30.55,30.25
14/03/2012,30.39,30.26,30.48,30.24
13/03/2012,30.27,29.77,30.29,29.74
12/03/2012,29.67,29.58,29.74,29.51
09/03/2012,29.84,29.86,29.99,29.77
08/03/2012,29.8,29.87,29.96,29.61
07/03/2012,29.41,29.43,29.47,29.25
06/03/2012,29.13,29.33,29.46,28.97
05/03/2012,29.76,29.92,29.99,29.71
02/03/2012,29.93,30.06,30.13,29.88
01/03/2012,29.73,29.98,29.99,29.68
29/02/2012,29.87,30,30.35,29.87
28/02/2012,29.37,29.24,29.42,29.11
27/02/2012,28.82,28.8,28.89,28.57
24/02/2012,29.07,29.34,29.34,29.03
23/02/2012,29.97,30.1,30.1,29.82
22/02/2012,30.26,30.23,30.3,30.14
21/02/2012,30.26,30.58,30.63,30.26
17/02/2012,30.49,30.31,30.64,30.31
16/02/2012,30.05,29.86,30.07,29.68
15/02/2012,29.81,30.15,30.25,29.8
14/02/2012,30.11,30.24,30.29,29.96
13/02/2012,30.16,30.53,30.53,30.14
10/02/2012,29.71,29.97,30.07,29.67
09/02/2012,30.73,30.79,30.79,30.55
08/02/2012,30.94,30.82,31,30.74
07/02/2012,30.57,30.55,30.58,30.3
06/02/2012,30.88,30.99,30.99,30.71
03/02/2012,31.55,31.5,31.64,31.38
02/02/2012,31.25,31.3,31.4,31.22
01/02/2012,30.96,30.94,31.12,30.76
31/01/2012,30.37,30.64,30.73,30.34
30/01/2012,30.56,30.45,30.58,30.25
27/01/2012,31.01,30.93,31.11,30.87
26/01/2012,30.99,31.35,31.47,30.98
25/01/2012,31.11,30.91,31.14,30.6
24/01/2012,31.31,31.22,31.4,31.04
23/01/2012,31.55,31.36,31.75,31.36
20/01/2012,31.3,31.3,31.33,31.12
19/01/2012,31.59,31.45,31.67,31.31
18/01/2012,31.3,30.62,31.32,30.59
17/01/2012,30.09,30.2,30.3,29.99
13/01/2012,29.8,29.98,29.98,29.64
12/01/2012,30.04,30.01,30.11,29.88
11/01/2012,30.07,29.8,30.09,29.8
10/01/2012,30.42,30.38,30.51,30.36
09/01/2012,29.8,29.72,29.86,29.6
06/01/2012,29.59,29.87,29.87,29.52
05/01/2012,30.05,29.98,30.23,29.79
04/01/2012,30.02,29.87,30.07,29.84
03/01/2012,29.98,29.78,30.03,29.78
30/12/2011,29.31,29.24,29.41,29.19
29/12/2011,29.41,29.08,29.43,28.94
28/12/2011,28.6,29.05,29.05,28.53
27/12/2011,29.22,29.08,29.31,28.76
23/12/2011,29.38,29.35,29.39,29.11
22/12/2011,29.54,29.16,29.57,29.13
21/12/2011,29.34,29.09,29.35,28.81
20/12/2011,29.31,29,29.35,29
19/12/2011,28.47,28.96,29.23,28.47
16/12/2011,28.86,29.06,29.42,28.86
15/12/2011,28.4,28.77,28.77,28.32
14/12/2011,28.33,28.45,28.64,28.29
13/12/2011,28.96,29.26,29.32,28.54
12/12/2011,28.89,29.21,29.21,28.79
09/12/2011,29.49,29.06,29.61,29.06
08/12/2011,28.72,29.06,29.29,28.71
07/12/2011,29.48,29.32,29.56,29.05
06/12/2011,29.32,29.36,29.48,29.14
05/12/2011,29.67,29.7,29.78,29.46
02/12/2011,29.19,29.45,29.54,29.13
01/12/2011,29.49,29.54,29.62,29.15
30/11/2011,29.86,29.38,29.9,29.23
29/11/2011,28.23,28.08,28.49,27.99
28/11/2011,27.8,27.72,27.9,27.56
25/11/2011,27.5,27.6,27.75,27.39
23/11/2011,27.36,28.03,28.07,27.36
22/11/2011,28.21,28.39,28.44,28
21/11/2011,27.86,28.25,28.25,27.55
18/11/2011,28.8,29.2,29.46,28.78
17/11/2011,28.78,29.5,29.67,28.68
16/11/2011,29.73,29.81,30.13,29.6
15/11/2011,30.22,29.93,30.36,29.86
14/11/2011,29.9,30.02,30.22,29.77
11/11/2011,30.4,30.05,30.49,30.02
10/11/2011,29.94,30.06,30.17,29.61
09/11/2011,30.49,30,30.49,29.49
08/11/2011,30.79,30.41,30.83,30.26
07/11/2011,30.4,30.21,30.44,29.97
04/11/2011,29.88,29.97,30.01,29.43
03/11/2011,30.12,29.71,30.18,29.42
02/11/2011,29.83,29.57,29.87,29.44
01/11/2011,28.73,28.76,28.9,28.09
31/10/2011,29.83,30.43,30.43,29.83
28/10/2011,31.16,30.7,31.32,30.7
27/10/2011,31.89,31.22,32.2,30.97
26/10/2011,30.22,30,30.3,29.61
25/10/2011,29.65,29.8,29.91,29.47
24/10/2011,30.43,29.49,30.77,29.43
21/10/2011,29.38,28.91,29.45,28.89
20/10/2011,28.64,28.65,28.88,28.2
19/10/2011,29.38,29.75,29.75,29.32
18/10/2011,29.38,28.66,29.54,28.33
17/10/2011,28.66,29.26,29.35,28.66
14/10/2011,29.51,29.45,29.62,29.22
13/10/2011,29.2,28.82,29.3,28.55
12/10/2011,29.06,28.7,29.37,28.57
11/10/2011,27.5,27.01,27.61,27.01
10/10/2011,27.2,26.88,27.29,26.73
07/10/2011,26.25,26.62,26.62,25.99
06/10/2011,26.79,26.11,26.8,25.88
05/10/2011,25.62,24.59,25.7,24.54
04/10/2011,24.62,23.87,24.73,23.52
03/10/2011,23.95,25.1,25.37,23.93
30/09/2011,25.84,27.23,27.37,25.75
29/09/2011,27.37,27.42,27.6,26.98
28/09/2011,26.62,27.09,27.35,26.51
27/09/2011,27.08,26.79,27.66,26.68
26/09/2011,25.53,24.66,25.6,24.16
23/09/2011,25.09,24.38,25.67,24.38
22/09/2011,23.56,25.15,25.15,23.31
21/09/2011,26.76,28.22,28.22,26.73
20/09/2011,28.53,29.03,29.35,28.5
19/09/2011,28.89,29.26,29.38,28.76
16/09/2011,30.51,30.55,30.55,30.19
15/09/2011,29.84,30.15,30.26,29.51
14/09/2011,29.8,30.47,30.47,29.59
13/09/2011,31.44,31.07,31.55,31.07
12/09/2011,31.78,31.62,32.05,31.24
09/09/2011,32.22,32.36,32.45,31.7
08/09/2011,32.51,32.88,33.03,32.43
07/09/2011,33.29,32.9,33.42,32.9
06/09/2011,32.29,31.73,32.53,31.45
02/09/2011,32.57,32.45,32.72,32.03
01/09/2011,32.69,32.81,33.16,32.63
31/08/2011,32.86,32.63,32.94,32.55
30/08/2011,32.33,32.06,32.5,32.02
29/08/2011,32.38,32.05,32.4,31.95
26/08/2011,31.61,31.33,31.71,30.86
25/08/2011,30.86,31.65,31.67,30.74
24/08/2011,32.04,31.54,32.15,31.48
23/08/2011,32.33,31.76,32.4,31.39
22/08/2011,31.24,31.62,31.92,31.16
19/08/2011,31.4,31.69,32.22,31.34
18/08/2011,32.38,32.57,32.81,31.95
17/08/2011,32.88,33,33.25,32.71
16/08/2011,32.84,32.86,33.08,32.51
15/08/2011,33.08,32.56,33.16,32.56
12/08/2011,32.3,32.58,32.65,32.06
11/08/2011,32.57,31.38,33.23,31.38
10/08/2011,30.61,31.18,31.66,30.53
09/08/2011,30.97,30.6,31,29.14
08/08/2011,29.41,31.61,31.61,29.06
05/08/2011,31.44,32.79,32.79,30.68
04/08/2011,32.59,33.57,33.68,32.56
03/08/2011,34.34,34.17,34.38,33.69
02/08/2011,34.19,34.59,34.78,34.15
01/08/2011,34.64,34.79,35.16,34.34
29/07/2011,34.22,33.88,34.45,33.71
28/07/2011,34.07,34.24,34.38,34
27/07/2011,34.21,34.5,34.54,34.09
26/07/2011,34.11,34.01,34.23,33.98
25/07/2011,33.64,33.49,33.85,33.45
22/07/2011,33.69,33.86,34.07,33.65
21/07/2011,33.86,33.54,33.97,33.54
20/07/2011,33.4,33.23,33.45,33.12
19/07/2011,33.15,33,33.21,32.93
18/07/2011,33.05,33.06,33.06,32.8
15/07/2011,33.1,33,33.1,32.93
14/07/2011,32.52,32.76,32.97,32.37
13/07/2011,32.65,32.67,32.88,32.58
12/07/2011,32.36,32.35,32.57,32.25
11/07/2011,32.47,32.57,32.74,32.39
08/07/2011,32.92,32.64,32.92,32.54
07/07/2011,32.7,32.46,32.79,32.34
06/07/2011,32.11,31.99,32.12,31.93
05/07/2011,32.32,32.26,32.4,32.18
01/07/2011,32.76,32.22,32.76,32.22
30/06/2011,32.01,31.68,32.01,31.68
29/06/2011,31.75,31.51,31.86,31.45
28/06/2011,31.48,31.18,31.57,31.15
27/06/2011,31.08,30.88,31.14,30.79
24/06/2011,31.03,31.33,31.33,30.9
23/06/2011,31.24,31,31.24,30.73
22/06/2011,31.02,31.1,31.22,30.96
21/06/2011,31.16,30.99,31.23,30.82
20/06/2011,30.69,30.46,30.7,30.3
17/06/2011,30.62,30.56,30.71,30.52
16/06/2011,30.5,30.52,30.65,30.27
15/06/2011,30.87,31.08,31.12,30.78
14/06/2011,31.12,31,31.24,30.99
13/06/2011,30.75,30.96,30.96,30.6
10/06/2011,31.02,31.15,31.15,30.88
09/06/2011,31.5,31.2,31.56,31.2
08/06/2011,31.39,31.41,31.52,31.29
07/06/2011,31.58,31.56,31.73,31.56
06/06/2011,31.49,31.6,31.72,31.47
03/06/2011,31.53,31.42,31.73,31.42
02/06/2011,31.41,31.25,31.44,31.25
01/06/2011,31.25,31.6,31.68,31.24
31/05/2011,31.75,31.71,31.77,31.49
27/05/2011,31.51,31.46,31.55,31.23
26/05/2011,31.31,31.16,31.33,31.08
25/05/2011,31.12,30.71,31.15,30.67
24/05/2011,30.92,31.01,31.05,30.83
23/05/2011,30.82,30.88,30.91,30.6
20/05/2011,31.96,32.01,32.09,31.78
19/05/2011,32.13,32.09,32.15,31.91
18/05/2011,31.95,31.68,32.05,31.59
17/05/2011,31.3,31.09,31.3,31.03
16/05/2011,31.22,31.26,31.56,31.2
13/05/2011,31.26,31.8,31.8,31.09
12/05/2011,31.82,31.49,31.84,31.22
11/05/2011,31.75,31.75,31.94,31.5
10/05/2011,31.75,31.36,31.75,31.33
09/05/2011,31.21,31.02,31.3,31.02
06/05/2011,31.37,31.43,31.76,31.27
05/05/2011,31.14,31.17,31.37,30.98
04/05/2011,31.12,31.49,31.49,31.01
03/05/2011,31.21,31.46,31.55,31.19
02/05/2011,31.64,31.53,31.81,31.53
29/04/2011,30.85,31.37,31.7,30.85
28/04/2011,31.29,31.38,31.38,31.09
27/04/2011,31.2,31.14,31.24,30.87
26/04/2011,31.06,31.08,31.08,30.83
25/04/2011,31.1,31.27,31.27,30.85
21/04/2011,31.41,31.3,31.48,31.15
20/04/2011,31.35,31.13,31.38,30.96
19/04/2011,30.52,30.44,30.55,30.39
18/04/2011,30,30.12,30.2,29.87
15/04/2011,30.57,30.45,30.71,30.41
14/04/2011,30.22,30,30.25,30
13/04/2011,30.36,30.5,30.54,30.19
12/04/2011,29.99,30.21,30.28,29.94
11/04/2011,30.37,30.45,30.66,30.29
08/04/2011,30.45,30.66,30.66,30.32
07/04/2011,30.4,30.5,30.5,30.16
06/04/2011,30.4,30.31,30.5,30.2
05/04/2011,30.02,29.86,30.07,29.86
04/04/2011,30.14,30.06,30.46,30.05
01/04/2011,30.44,30.2,30.48,30.12
31/03/2011,29.85,29.71,30,29.71
30/03/2011,29.7,29.33,29.75,29.28
29/03/2011,29.1,28.87,29.16,28.79
28/03/2011,28.89,28.98,29.09,28.89
25/03/2011,29.15,29.1,29.27,29.1
24/03/2011,29.29,29.05,29.36,28.68
23/03/2011,28.67,28.43,28.74,28.4
22/03/2011,28.03,28.26,28.26,28.03
21/03/2011,28.38,28.28,28.41,28.25
18/03/2011,27.85,28.01,28.06,27.83
17/03/2011,27.8,27.74,27.87,27.62
16/03/2011,27.49,27.99,28.03,27.39
15/03/2011,28.23,27.64,28.36,27.63
14/03/2011,28.54,28.26,28.55,28.23
11/03/2011,28.44,28.15,28.45,28.03
10/03/2011,28.39,28.57,28.57,28.33
09/03/2011,28.8,28.76,28.89,28.64
08/03/2011,28.74,28.36,28.84,28.36
07/03/2011,28.2,28.39,28.54,28.13
04/03/2011,28.13,28.07,28.25,27.89
03/03/2011,28.09,27.79,28.1,27.79
02/03/2011,27.74,27.49,27.82,27.49
01/03/2011,27.22,27.59,27.73,27.22
28/02/2011,27.47,27.39,27.59,27.37
25/02/2011,27.29,27.04,27.31,27.04
24/02/2011,27.06,26.98,27.13,26.88
23/02/2011,27.12,27.28,27.32,26.93
22/02/2011,26.75,27.27,27.27,26.66
18/02/2011,27.46,27.37,27.57,27.37
17/02/2011,26.8,26.66,26.9,26.66
16/02/2011,26.66,26.69,26.69,26.44
15/02/2011,26.38,26.43,26.47,26.31
14/02/2011,26.47,26.4,26.56,26.4
11/02/2011,26.32,26.04,26.46,26.04
10/02/2011,26,26.01,26.22,25.85
09/02/2011,26.36,26.69,26.69,26.28
08/02/2011,27.15,27.14,27.15,26.95
07/02/2011,27.25,27.2,27.33,27.1
04/02/2011,27.13,26.93,27.15,26.88
03/02/2011,26.55,26.79,26.8,26.38
02/02/2011,26.64,26.56,26.68,26.41
01/02/2011,26.61,26.13,26.63,26.13
31/01/2011,25.93,25.86,26,25.73
28/01/2011,26.07,26.84,26.84,25.9
27/01/2011,26.91,27.17,27.17,26.79
26/01/2011,26.86,26.65,26.93,26.65
25/01/2011,26.08,25.95,26.09,25.82
24/01/2011,25.21,25.16,25.29,25.16
21/01/2011,25,25.6,25.7,24.95
20/01/2011,25.35,26.27,26.34,25.22
19/01/2011,26.73,27.2,27.2,26.68
18/01/2011,27.15,27.26,27.33,27.11
14/01/2011,27.43,27.41,27.58,27.34
13/01/2011,27.39,27.52,27.64,27.3
12/01/2011,27.52,27.18,27.55,27.05
11/01/2011,26.51,26.7,26.7,26.46
10/01/2011,26.73,26.81,26.92,26.42
07/01/2011,28.26,28.33,28.57,28.14
06/01/2011,29.2,29.27,29.34,29.12
05/01/2011,30,29.79,30.04,29.65
04/01/2011,29.57,29.8,29.8,29.35
03/01/2011,29.4,29.51,29.56,29.38
31/12/2010,29.1,29.09,29.12,29.02
30/12/2010,29.12,29.04,29.13,28.97
29/12/2010,29.09,28.99,29.16,28.99
28/12/2010,28.66,28.53,28.71,28.48
27/12/2010,28.14,28.16,28.41,28.11
23/12/2010,28.15,28.17,28.2,28
22/12/2010,28.42,28.46,28.46,28.34
21/12/2010,28.65,28.51,28.69,28.49
20/12/2010,28.03,28.09,28.09,27.84
17/12/2010,27.94,27.91,27.97,27.76
16/12/2010,27.78,27.99,27.99,27.68
15/12/2010,28.57,28.87,28.9,28.49
14/12/2010,28.89,29.11,29.11,28.82
13/12/2010,29.16,29.3,29.3,29.12
10/12/2010,29.48,29.56,29.56,29.36
09/12/2010,29.74,29.87,29.87,29.69
08/12/2010,29.95,30.03,30.05,29.83
07/12/2010,29.72,30.15,30.15,29.7
06/12/2010,29.82,29.76,29.85,29.65
03/12/2010,29.69,29.41,29.7,29.27
02/12/2010,29.92,29.65,29.97,29.49
01/12/2010,29.11,29.13,29.15,28.89
30/11/2010,27.87,27.98,28.05,27.7
29/11/2010,28.91,28.93,28.96,28.55
26/11/2010,29.04,29.15,29.2,28.97
24/11/2010,29.94,29.91,29.97,29.71
23/11/2010,29.49,29.71,29.71,29.33
22/11/2010,30.29,30.29,30.29,29.99
19/11/2010,30.37,30.33,30.41,29.99
18/11/2010,30.09,29.86,30.16,29.86
17/11/2010,29.42,29.44,29.51,29.28
16/11/2010,29.38,29.88,29.88,29.27
15/11/2010,29.59,29.77,29.85,29.52
12/11/2010,29.67,30.08,30.08,29.44
11/11/2010,30.44,30.57,30.57,30.32
10/11/2010,30.9,30.79,30.9,30.48
09/11/2010,30.46,30.9,30.9,30.39
08/11/2010,30.39,30.26,30.42,30.21
05/11/2010,30.14,30.01,30.21,29.96
04/11/2010,30.1,29.92,30.1,29.71
03/11/2010,29.63,29.56,29.63,29.25
02/11/2010,29.84,29.89,29.91,29.77
01/11/2010,29.81,30.04,30.04,29.65
29/10/2010,30.06,29.95,30.06,29.89
28/10/2010,29.89,30.18,30.18,29.72
27/10/2010,29.82,29.82,29.84,29.55
26/10/2010,30.1,29.93,30.16,29.93
25/10/2010,30.05,30.08,30.21,30.01
22/10/2010,29.63,29.65,29.68,29.56
21/10/2010,29.29,29.48,29.61,29.15
20/10/2010,29.59,29.14,29.7,29.14
19/10/2010,28.91,29.42,29.42,28.9
18/10/2010,29.56,29.48,29.6,29.37
15/10/2010,29.6,29.81,29.96,29.35
14/10/2010,29.77,29.78,29.85,29.55
13/10/2010,29.89,29.84,30.03,29.73
12/10/2010,29.49,29.39,29.54,29.25
11/10/2010,29.27,29.42,29.42,29.19
08/10/2010,29.54,29.45,29.62,29.2
07/10/2010,29.63,29.83,29.87,29.42
06/10/2010,29.87,29.94,29.94,29.75
05/10/2010,30.14,29.95,30.19,29.74
04/10/2010,29.62,29.54,29.78,29.44
01/10/2010,29.61,29.69,29.69,29.47
30/09/2010,29.08,29.17,29.24,28.94
29/09/2010,29.02,28.9,29.07,28.83
28/09/2010,29.01,29,29.04,28.68
27/09/2010,28.92,29.05,29.06,28.89
24/09/2010,28.91,29.12,29.12,28.63
23/09/2010,27.81,27.9,28.66,27.63
22/09/2010,27.96,27.95,28.14,27.86
21/09/2010,28.13,28.21,28.32,28.06
20/09/2010,28.54,28.23,28.59,28.19
17/09/2010,28.14,28.24,28.32,28.07
16/09/2010,28.03,27.97,28.03,27.76
15/09/2010,28.28,28.02,28.34,27.98
14/09/2010,27.62,27.29,27.79,27.25
13/09/2010,27.66,27.45,27.67,27.44
10/09/2010,27,27.01,27.05,26.93
09/09/2010,26.95,27.24,27.24,26.85
08/09/2010,26.67,26.62,26.77,26.62
07/09/2010,26.52,26.65,26.65,26.33
03/09/2010,26.32,26.24,26.41,26.15
02/09/2010,25.98,25.88,25.98,25.79
01/09/2010,26.31,25.34,26.31,25.34
31/08/2010,25.25,25.29,25.44,25.22
30/08/2010,25.3,25.45,25.45,25.23
27/08/2010,25.83,25.76,25.87,25.5
26/08/2010,25.9,26.49,26.49,25.85
25/08/2010,26.09,26.27,26.27,25.74
24/08/2010,25.7,25.75,25.79,25.53
23/08/2010,25.82,25.97,26.04,25.8
20/08/2010,25.84,26.14,26.14,25.64
19/08/2010,25.41,26.3,26.3,25.37
18/08/2010,25.6,25.55,25.64,25.31
17/08/2010,25.68,25.59,25.79,25.46
16/08/2010,25.36,25.23,25.39,25.2
13/08/2010,25.15,25.19,25.28,25.15
12/08/2010,25.02,24.79,25.1,24.79
11/08/2010,24.86,25.11,25.11,24.8
10/08/2010,25.53,25.5,25.57,25.27
09/08/2010,25.86,25.74,25.86,25.73
06/08/2010,25.5,25.36,25.5,25.12
05/08/2010,26.26,26.57,26.57,25.3
04/08/2010,25.16,25.77,27.34,25
03/08/2010,25.14,25.5,26.48,24.81
02/08/2010,25.98,25.8,26.01,25.75
30/07/2010,26.03,25.73,26.07,25.68
29/07/2010,25.92,26.04,26.04,25.71
28/07/2010,25.35,25.49,25.49,25.29
27/07/2010,25.46,25.29,25.46,25.29
26/07/2010,25.55,25.3,25.55,25.28
23/07/2010,25.59,25.35,25.6,25.33
22/07/2010,25.46,25.2,25.55,25.2
21/07/2010,24.92,25.29,25.29,24.85
20/07/2010,25.5,25.09,25.5,25.07
19/07/2010,24.9,24.83,24.91,24.63
16/07/2010,24.54,24.85,24.85,24.54
15/07/2010,24.95,24.81,24.98,24.81
14/07/2010,24.82,25.51,25.51,24.82
13/07/2010,25.03,25,25.17,24.96
12/07/2010,24.9,24.85,24.99,24.85
09/07/2010,24.82,24.67,24.82,24.61
08/07/2010,24.66,24.45,24.66,24.44
07/07/2010,24.73,24.55,24.73,24.53
06/07/2010,24.12,24.09,24.12,24.09
01/07/2010,23.83,23.76,23.86,23.55
30/06/2010,24.2,24.16,24.2,24.16
29/06/2010,23.45,23.92,23.92,23.45
28/06/2010,24.62,24.71,24.71,24.45
25/06/2010,24.75,24.46,24.75,24.44
24/06/2010,24.04,24.34,24.95,23.93
23/06/2010,24.18,24.39,24.39,24.11
22/06/2010,24.18,24.65,24.67,24.18
21/06/2010,24.47,24.78,24.8,24.47
18/06/2010,24.48,24.47,24.49,24.33
17/06/2010,23.8,23.95,23.98,23.7
16/06/2010,23.66,23.5,23.68,23.49
15/06/2010,23.44,23.26,23.44,23.24
14/06/2010,23.09,23.22,23.22,23.09
11/06/2010,22.8,22.86,22.86,22.8
10/06/2010,22.85,22.63,22.85,22.63
09/06/2010,22.86,22.86,22.86,22.86
08/06/2010,22.64,22.44,22.8,22.43
07/06/2010,22.24,22.4,22.4,22.12
04/06/2010,22.03,22.41,22.41,21.96
03/06/2010,22.83,22.97,22.97,22.78
02/06/2010,22.48,22.48,22.48,22.48
28/05/2010,22.21,22.31,22.31,22.04
27/05/2010,22.24,22.24,22.24,22.24
26/05/2010,21.81,21.81,21.81,21.81
25/05/2010,19.88,19.78,20.26,19.78
24/05/2010,20.89,20.9,20.9,20.89
21/05/2010,21.25,21.11,21.46,21.11
20/05/2010,21.1,21.45,21.45,21.09
19/05/2010,22.35,22.48,22.5,22.13
18/05/2010,23.33,23.33,23.33,23.33
17/05/2010,23.13,23.16,23.16,23.06
14/05/2010,23.03,23.55,23.55,23.02
13/05/2010,23.84,23.61,23.84,23.59
11/05/2010,23.5,23.29,23.5,23.29
10/05/2010,23.69,23.69,23.69,23.6
