Date,indonia,jibor_weekly
03/03/2021,0,3.5
02/03/2021,2.79332,3.5
01/03/2021,2.79328,3.5
27/02/2021,0,0
26/02/2021,2.80138,3.5
25/02/2021,2.79818,3.5
24/02/2021,2.79607,3.50205
23/02/2021,2.79486,3.5
22/02/2021,2.79665,3.50308
20/02/2021,0,0
19/02/2021,2.80046,3.50154
18/02/2021,3.00269,3.75154
17/02/2021,3.04382,3.75
16/02/2021,3.04176,3.75
15/02/2021,3.04052,3.75
13/02/2021,0,0
12/02/2021,0,0
11/02/2021,3.04161,3.75
10/02/2021,3.04074,3.75
09/02/2021,3.04072,3.75
08/02/2021,3.04016,3.75
06/02/2021,0,0
05/02/2021,3.04177,3.75
04/02/2021,3.04243,3.75
03/02/2021,3.03905,3.75
02/02/2021,3.03886,3.75
01/02/2021,3.03815,3.75
30/01/2021,0,0
29/01/2021,3.03962,3.75
28/01/2021,3.03764,3.75
27/01/2021,3.03856,3.75
26/01/2021,3.03713,3.75
25/01/2021,3.03681,3.75
23/01/2021,0,0
22/01/2021,3.04362,3.75
21/01/2021,3.03802,3.75
20/01/2021,3.0347,3.75
19/01/2021,3.0345,3.75
18/01/2021,3.03783,3.75
16/01/2021,0,0
15/01/2021,3.04078,3.75
14/01/2021,3.04429,3.75
13/01/2021,3.03493,3.75154
12/01/2021,3.03712,3.75
11/01/2021,3.03772,3.75
09/01/2021,0,0
08/01/2021,3.03843,3.75231
07/01/2021,3.03653,3.75
06/01/2021,3.036,3.75
05/01/2021,3.03526,3.75231
04/01/2021,3.04067,3.75
02/01/2021,0,0
01/01/2021,0,0
31/12/2020,0,0
30/12/2020,3.04537,3.76769
29/12/2020,3.03876,3.75462
28/12/2020,3.03446,3.75462
26/12/2020,0,0
25/12/2020,0,0
24/12/2020,0,0
23/12/2020,3.04557,3.75154
22/12/2020,3.03589,3.75154
21/12/2020,3.03851,3.75
19/12/2020,0,0
18/12/2020,3.03547,3.75
17/12/2020,3.0363,3.75115
16/12/2020,3.03552,3.75
15/12/2020,3.03486,3.75
14/12/2020,3.04,3.75
12/12/2020,0,0
11/12/2020,3.03941,3.75
10/12/2020,3.03946,3.75
09/12/2020,0,0
08/12/2020,3.03889,3.75
07/12/2020,3.03787,3.75
05/12/2020,0,0
04/12/2020,3.0466,3.75
03/12/2020,3.03642,3.75
02/12/2020,3.03455,3.75
01/12/2020,3.03674,3.75231
30/11/2020,3.0399,3.75
28/11/2020,0,0
27/11/2020,3.04298,3.75
26/11/2020,3.03699,3.75
25/11/2020,3.03712,3.75
24/11/2020,3.03723,3.75
23/11/2020,3.0335,3.75
21/11/2020,0,0
20/11/2020,3.03995,3.75385
19/11/2020,3.25156,4
18/11/2020,3.28774,4
17/11/2020,3.28733,4
16/11/2020,3.28914,4
14/11/2020,0,0
13/11/2020,3.28691,4
12/11/2020,3.28354,4
11/11/2020,3.28603,4
10/11/2020,3.28864,4
09/11/2020,3.28729,4
07/11/2020,0,0
06/11/2020,3.29109,4
05/11/2020,3.29287,4
04/11/2020,3.28691,4
03/11/2020,3.28537,4
02/11/2020,3.28677,4
31/10/2020,0,0
30/10/2020,0,0
29/10/2020,0,0
28/10/2020,0,0
27/10/2020,3.31818,4
26/10/2020,3.28703,3.99769
24/10/2020,0,0
23/10/2020,3.28596,4
22/10/2020,3.28837,4
21/10/2020,3.28756,4
20/10/2020,3.28622,4
19/10/2020,3.28834,4
17/10/2020,0,0
16/10/2020,3.28927,4
15/10/2020,3.28765,4
14/10/2020,3.29052,4
13/10/2020,3.28681,4
12/10/2020,3.28324,4
10/10/2020,0,0
09/10/2020,3.28436,4
08/10/2020,3.28595,4
07/10/2020,3.28559,4
06/10/2020,3.28297,4
05/10/2020,3.28568,4
03/10/2020,0,0
02/10/2020,3.29184,4
01/10/2020,3.28322,4
30/09/2020,3.2901,4
29/09/2020,3.29167,4
28/09/2020,3.29502,4
26/09/2020,0,0
25/09/2020,3.28716,3.99923
24/09/2020,3.29037,4
23/09/2020,3.2963,4
22/09/2020,3.28612,4
21/09/2020,3.29532,4
19/09/2020,0,0
18/09/2020,3.29076,4
17/09/2020,3.29087,4
16/09/2020,3.29082,4
15/09/2020,3.29114,4
14/09/2020,3.29304,4
12/09/2020,0,0
11/09/2020,3.30137,4
10/09/2020,3.28756,4
09/09/2020,3.28527,4
08/09/2020,3.29231,4
07/09/2020,3.28665,4
05/09/2020,0,0
04/09/2020,3.29728,4
03/09/2020,3.28312,4
02/09/2020,3.29954,4
01/09/2020,3.29765,3.99949
31/08/2020,3.30797,4
29/08/2020,0,0
28/08/2020,3.2939,3.99615
27/08/2020,3.28521,3.99846
26/08/2020,3.32578,3.99462
25/08/2020,3.29287,3.99462
24/08/2020,3.32176,3.99423
22/08/2020,0,0
21/08/2020,0,0
20/08/2020,0,0
19/08/2020,3.32,3.98885
18/08/2020,3.31037,3.995
17/08/2020,0,0
15/08/2020,0,0
14/08/2020,3.29016,3.99519
13/08/2020,3.29188,3.99154
12/08/2020,3.31307,3.98641
11/08/2020,3.30256,3.99846
10/08/2020,3.32615,4.00231
08/08/2020,0,0
07/08/2020,3.31929,4.00077
06/08/2020,3.31266,3.99949
05/08/2020,3.32291,4.00308
04/08/2020,3.32389,4.00154
03/08/2020,3.35998,4.00769
01/08/2020,0,0
31/07/2020,0,0
30/07/2020,3.37339,4.01237
29/07/2020,3.37966,4.01827
28/07/2020,3.34837,4.02692
27/07/2020,3.35213,4.03744
25/07/2020,0,0
24/07/2020,3.36451,4.05
23/07/2020,3.36741,4.06308
22/07/2020,3.3833,4.07872
21/07/2020,3.36597,4.1
20/07/2020,3.37519,4.1
18/07/2020,0,0
17/07/2020,3.39745,4.1
16/07/2020,3.5732,4.34462
15/07/2020,3.75618,4.34692
14/07/2020,3.74884,4.34795
13/07/2020,3.76862,4.34923
11/07/2020,0,0
10/07/2020,3.87465,4.35
09/07/2020,3.88019,4.34923
08/07/2020,3.8622,4.35
07/07/2020,3.92434,4.35
06/07/2020,3.95539,4.35
04/07/2020,0,0
03/07/2020,3.99534,4.35
02/07/2020,4.02959,4.35
01/07/2020,4.04699,4.35
30/06/2020,4.0789,4.35154
29/06/2020,4.06786,4.35154
27/06/2020,0,0
26/06/2020,4.0305,4.35154
25/06/2020,4.05508,4.35154
24/06/2020,4.06078,4.35154
23/06/2020,4.04925,4.35154
22/06/2020,4.05793,4.35154
20/06/2020,0,0
19/06/2020,4.06051,4.34282
18/06/2020,4.25614,4.6
17/06/2020,4.27178,4.6
16/06/2020,4.29686,4.6
15/06/2020,4.33247,4.6
13/06/2020,0,0
12/06/2020,4.32172,4.6
11/06/2020,4.31547,4.6
10/06/2020,4.29856,4.6
09/06/2020,4.31114,4.6
08/06/2020,4.32528,4.6
06/06/2020,0,0
05/06/2020,4.3353,4.6
04/06/2020,4.34656,4.6
03/06/2020,4.31964,4.6
02/06/2020,4.33511,4.60205
01/06/2020,0,0
30/05/2020,0,0
29/05/2020,4.32059,4.6
28/05/2020,4.31514,4.6
27/05/2020,4.30341,4.6
26/05/2020,4.30202,4.6
25/05/2020,0,0
23/05/2020,0,0
22/05/2020,0,0
21/05/2020,0,0
20/05/2020,4.51572,4.6
19/05/2020,4.30453,4.6
18/05/2020,4.33754,4.60846
16/05/2020,0,0
15/05/2020,4.31732,4.60846
14/05/2020,4.31671,4.6
13/05/2020,4.32473,4.6
12/05/2020,4.31162,4.60077
11/05/2020,4.32816,4.6
09/05/2020,0,0
08/05/2020,4.31494,4.6
07/05/2020,0,0
06/05/2020,4.33416,4.6
05/05/2020,4.32618,4.6
04/05/2020,4.31338,4.6
02/05/2020,0,0
01/05/2020,0,0
30/04/2020,4.32338,4.6
29/04/2020,4.31352,4.6
28/04/2020,4.31216,4.6
27/04/2020,4.31056,4.6
24/04/2020,4.3017,4.60192
23/04/2020,4.30952,4.6
22/04/2020,4.30165,4.6
21/04/2020,4.30951,4.6
20/04/2020,4.30705,4.6
17/04/2020,4.30493,4.6
16/04/2020,4.32005,4.59969
15/04/2020,4.30093,4.59846
14/04/2020,4.31213,4.59769
13/04/2020,4.31048,4.59558
11/04/2020,0,0
10/04/2020,0,0
09/04/2020,4.31834,4.59673
08/04/2020,4.3241,4.59462
07/04/2020,4.30529,4.59442
06/04/2020,4.31302,4.59212
04/04/2020,0,0
03/04/2020,4.31521,4.58519
02/04/2020,4.30683,4.58215
01/04/2020,4.31962,4.58231
31/03/2020,4.34398,4.58077
30/03/2020,4.31834,4.57723
28/03/2020,0,0
27/03/2020,4.31347,4.57692
26/03/2020,4.31771,4.577
25/03/2020,0,0
24/03/2020,4.3333,4.57769
23/03/2020,4.32786,4.57795
21/03/2020,0,0
20/03/2020,4.29587,4.58641
19/03/2020,4.44367,4.81482
18/03/2020,4.54888,4.81846
17/03/2020,4.54885,4.81621
16/03/2020,4.56865,4.81523
14/03/2020,0,0
13/03/2020,4.59015,4.81338
12/03/2020,4.58843,4.81554
11/03/2020,4.59536,4.81519
10/03/2020,4.58089,4.81554
09/03/2020,4.60614,4.81508
07/03/2020,0,0
06/03/2020,4.59208,4.81815
05/03/2020,4.61299,4.82149
04/03/2020,4.5828,4.8215
03/03/2020,4.59563,4.82354
02/03/2020,4.58465,4.82738
29/02/2020,0,0
28/02/2020,4.58365,4.82723
27/02/2020,4.59636,4.83392
26/02/2020,4.58816,4.83231
25/02/2020,4.57554,4.84179
24/02/2020,4.5688,4.83692
22/02/2020,0,0
21/02/2020,4.60413,4.84046
20/02/2020,4.70561,5.03692
19/02/2020,4.83694,5.03872
18/02/2020,4.82365,5.04221
17/02/2020,4.82138,5.045
15/02/2020,0,0
14/02/2020,4.8417,5.04626
13/02/2020,4.83908,5.04585
12/02/2020,4.83677,5.04667
11/02/2020,4.83292,5.05
10/02/2020,4.82803,5.05
08/02/2020,0,0
07/02/2020,4.80408,5.04923
06/02/2020,4.80823,5.05
05/02/2020,4.81241,5.05
04/02/2020,4.80849,5.05
03/02/2020,4.80753,5.05
01/02/2020,0,0
31/01/2020,4.80881,5.05
30/01/2020,4.84007,5.04872
29/01/2020,4.8342,5.04821
28/01/2020,4.80349,5.05
27/01/2020,4.87129,5.05
25/01/2020,0,0
24/01/2020,4.79462,5.04769
23/01/2020,4.80839,5.05
22/01/2020,4.82131,5.04692
21/01/2020,4.82311,5.05
20/01/2020,4.84311,5.05
18/01/2020,0,0
17/01/2020,4.79941,5.05
16/01/2020,4.78679,5.05
15/01/2020,4.83171,5.04962
14/01/2020,4.80324,5.04692
13/01/2020,4.8089,5.05
11/01/2020,0,0
10/01/2020,4.79881,5.05
09/01/2020,4.79999,5.05
08/01/2020,4.79525,5.05
07/01/2020,4.78843,5.05
06/01/2020,4.80987,5.05
04/01/2020,0,0
03/01/2020,4.80678,5.05
02/01/2020,4.81729,5.05231
01/01/2020,0,0
31/12/2019,4.88427,5.06788
30/12/2019,4.84254,5.08692
28/12/2019,0,0
27/12/2019,4.80867,5.08077
26/12/2019,4.80354,5.04846
25/12/2019,0,0
24/12/2019,0,0
23/12/2019,4.8291,5.04846
21/12/2019,0,0
20/12/2019,4.83481,5.04846
19/12/2019,4.83377,5.04558
18/12/2019,4.82903,5.04831
17/12/2019,4.84545,5.04923
16/12/2019,4.81622,5.04231
14/12/2019,0,0
13/12/2019,4.82313,5.0484
12/12/2019,4.81055,5.04154
11/12/2019,4.82036,5.04744
10/12/2019,4.8177,5.04949
09/12/2019,4.83213,5.04538
07/12/2019,0,0
06/12/2019,4.83761,5.05
05/12/2019,4.80813,5.05
04/12/2019,4.80198,5.05
03/12/2019,4.82474,5.05
02/12/2019,4.83004,5.05
30/11/2019,0,0
29/11/2019,4.84806,5.05
28/11/2019,4.82503,5.05
27/11/2019,4.81627,5.05
26/11/2019,4.80421,5.05
25/11/2019,4.8469,5.05
23/11/2019,0,0
22/11/2019,4.79631,5.05
21/11/2019,4.82448,5.05
20/11/2019,4.83013,5.05
19/11/2019,4.83871,5.05231
18/11/2019,4.8405,5.05564
16/11/2019,0,0
15/11/2019,4.80181,5.05385
14/11/2019,4.84209,5.06256
13/11/2019,4.80676,5.05654
12/11/2019,4.84519,5.06513
11/11/2019,4.84646,5.07077
09/11/2019,0,0
08/11/2019,4.85488,5.07365
07/11/2019,4.89709,5.08231
06/11/2019,4.83757,5.05531
05/11/2019,4.83792,5.06167
04/11/2019,4.83732,5.07186
02/11/2019,0,0
01/11/2019,4.85095,5.085
31/10/2019,4.85785,5.08154
30/10/2019,4.85772,5.09231
29/10/2019,4.86195,5.09154
28/10/2019,4.87698,5.09423
26/10/2019,0,0
25/10/2019,4.84571,5.0891
24/10/2019,4.99595,5.3
23/10/2019,5.08633,5.3
22/10/2019,5.10482,5.3
21/10/2019,5.10136,5.3
19/10/2019,0,0
18/10/2019,5.09595,5.3
17/10/2019,5.06469,5.30308
16/10/2019,5.09161,5.30308
15/10/2019,5.09125,5.30404
14/10/2019,5.10152,5.3059
12/10/2019,0,0
11/10/2019,5.1074,5.30192
10/10/2019,5.14031,5.30731
09/10/2019,5.0756,5.3
08/10/2019,5.09013,5.30885
07/10/2019,5.10491,5.31949
05/10/2019,0,0
04/10/2019,5.08302,5.32308
03/10/2019,5.10143,5.33397
02/10/2019,5.07608,5.34623
01/10/2019,5.0932,5.34872
30/09/2019,5.13491,5.35
28/09/2019,0,0
27/09/2019,5.09365,5.34969
26/09/2019,5.07768,5.35231
25/09/2019,5.11111,5.35
24/09/2019,5.09504,5.35231
23/09/2019,5.15658,5.35
21/09/2019,0,0
20/09/2019,5.07867,5.35
19/09/2019,5.16105,5.57417
18/09/2019,5.31199,5.5959
17/09/2019,5.31286,5.6
16/09/2019,5.33471,5.6
14/09/2019,0,0
13/09/2019,5.31546,5.6
12/09/2019,5.3604,5.59718
11/09/2019,5.34511,5.59468
10/09/2019,5.34693,5.59846
09/09/2019,5.3375,5.5925
07/09/2019,0,0
06/09/2019,5.30383,5.59769
05/09/2019,5.30178,5.59692
04/09/2019,5.29894,5.60615
03/09/2019,5.29639,5.61442
02/09/2019,5.2853,5.63276
31/08/2019,0,0
30/08/2019,5.31773,5.6259
29/08/2019,5.34303,5.65
28/08/2019,5.3114,5.65077
27/08/2019,5.30237,5.66872
26/08/2019,5.31607,5.68067
24/08/2019,0,0
23/08/2019,5.28145,5.64423
22/08/2019,5.44513,5.90487
21/08/2019,5.57706,5.9
20/08/2019,5.64595,5.9
19/08/2019,5.63987,5.9
17/08/2019,0,0
16/08/2019,5.64954,5.90673
15/08/2019,5.61417,5.92288
14/08/2019,5.62901,5.93923
13/08/2019,5.76049,5.95327
12/08/2019,5.7612,5.92
10/08/2019,0,0
09/08/2019,5.59327,5.90192
08/08/2019,5.59175,5.90519
07/08/2019,5.57822,5.91551
06/08/2019,5.62016,5.94231
05/08/2019,5.68565,5.94115
03/08/2019,0,0
02/08/2019,5.61672,5.94231
01/08/2019,5.60796,5.94154
31/07/2019,5.62575,5.94795
30/07/2019,5.59427,5.95
29/07/2019,5.64085,5.95205
27/07/2019,0,0
26/07/2019,5.61022,5.95
25/07/2019,5.67854,5.95846
24/07/2019,5.63143,5.97872
23/07/2019,5.60362,6.00462
22/07/2019,5.63804,5.99885
20/07/2019,0,0
19/07/2019,5.65207,6.02199
18/07/2019,5.81476,6.16295
17/07/2019,5.85563,6.16692
16/07/2019,5.79866,6.17103
15/07/2019,5.82647,6.18679
13/07/2019,0,0
12/07/2019,5.79576,6.19654
11/07/2019,5.82209,6.19731
10/07/2019,5.88483,6.19897
09/07/2019,5.88413,6.20064
08/07/2019,5.84192,6.20154
06/07/2019,0,0
05/07/2019,5.85613,6.20891
04/07/2019,5.9082,6.21083
03/07/2019,5.79759,6.21821
02/07/2019,5.79491,6.24077
01/07/2019,5.79225,6.242
29/06/2019,0,0
28/06/2019,5.83999,6.24231
27/06/2019,5.8284,6.26231
26/06/2019,5.87699,6.25769
25/06/2019,5.84518,6.25192
24/06/2019,5.89849,6.25692
22/06/2019,0,0
21/06/2019,5.79485,6.25
20/06/2019,5.8608,6.25564
19/06/2019,5.81062,6.25
18/06/2019,5.82467,6.25192
17/06/2019,5.86882,6.25
15/06/2019,0,0
14/06/2019,5.81883,6.25231
13/06/2019,5.83156,6.26327
12/06/2019,5.85056,6.28269
11/06/2019,5.87227,6.27365
10/06/2019,5.87773,6.29481
08/06/2019,0,0
07/06/2019,0,0
06/06/2019,0,0
05/06/2019,0,0
04/06/2019,0,0
03/06/2019,0,0
01/06/2019,0,0
31/05/2019,6.12768,6.47962
30/05/2019,0,0
29/05/2019,5.94418,6.60423
28/05/2019,5.86929,6.51346
27/05/2019,5.76158,6.34846
25/05/2019,0,0
24/05/2019,5.87773,6.27038
23/05/2019,5.91017,6.26538
22/05/2019,6.01138,6.26692
21/05/2019,5.8103,6.25077
20/05/2019,5.87786,6.25231
18/05/2019,0,0
17/05/2019,5.84216,6.24904
16/05/2019,5.80196,6.25
15/05/2019,5.84251,6.24103
14/05/2019,5.89801,6.25
13/05/2019,5.88713,6.25
11/05/2019,0,0
10/05/2019,5.87739,6.25
09/05/2019,5.8901,6.25
08/05/2019,5.78031,6.23936
07/05/2019,5.82443,6.24718
06/05/2019,5.81347,6.25
04/05/2019,0,0
03/05/2019,5.93385,6.25795
02/05/2019,5.82171,6.25
01/05/2019,0,0
30/04/2019,5.88409,6.25231
29/04/2019,5.8953,6.25538
27/04/2019,0,0
26/04/2019,5.94135,6.26436
25/04/2019,5.92325,6.25513
24/04/2019,5.85468,6.26538
23/04/2019,5.89283,6.24703
22/04/2019,5.90681,6.22801
20/04/2019,0,0
19/04/2019,0,0
18/04/2019,5.9768,6.25385
17/04/2019,0,0
16/04/2019,5.81986,6.24808
15/04/2019,5.88126,6.24923
13/04/2019,0,0
12/04/2019,6.03298,6.31212
11/04/2019,6.16424,6.31731
10/04/2019,6.11042,6.29238
09/04/2019,6.06141,6.28923
08/04/2019,5.97323,6.21462
06/04/2019,0,0
05/04/2019,5.89279,6.21269
04/04/2019,5.88042,6.2259
03/04/2019,0,0
02/04/2019,5.89424,6.25327
01/04/2019,5.81852,6.25231
30/03/2019,0,0
29/03/2019,5.94054,6.26615
28/03/2019,6.16128,6.28954
27/03/2019,5.92561,6.25885
26/03/2019,5.97842,6.25231
25/03/2019,5.96655,6.23154
23/03/2019,0,0
22/03/2019,5.85065,6.2
21/03/2019,5.81278,6.20308
20/03/2019,5.83876,6.21474
19/03/2019,5.83205,6.24103
18/03/2019,5.84717,6.20446
16/03/2019,0,0
15/03/2019,5.77692,6.21718
14/03/2019,5.82538,6.22667
13/03/2019,5.84992,6.2441
12/03/2019,5.88034,6.24923
11/03/2019,5.8877,6.24385
09/03/2019,0,0
08/03/2019,5.90691,6.22385
07/03/2019,0,0
06/03/2019,5.83255,6.22
05/03/2019,5.88322,6.245
04/03/2019,5.84101,6.21987
02/03/2019,0,0
01/03/2019,5.81758,6.21962
28/02/2019,5.72793,6.23654
27/02/2019,5.7939,6.25
26/02/2019,5.77893,6.25
25/02/2019,5.88964,6.2659
23/02/2019,0,0
22/02/2019,5.77579,6.24615
21/02/2019,5.74993,6.25756
20/02/2019,5.82375,6.27641
19/02/2019,5.97274,6.33942
18/02/2019,5.92156,6.26936
16/02/2019,0,0
15/02/2019,5.81242,6.26
14/02/2019,5.87834,6.27731
13/02/2019,5.90024,6.29128
12/02/2019,6.00224,6.35372
11/02/2019,6.06987,6.27385
09/02/2019,0,0
08/02/2019,5.82637,6.23308
07/02/2019,5.84296,6.26128
06/02/2019,5.80733,6.26231
05/02/2019,0,0
04/02/2019,5.92226,6.29462
02/02/2019,0,0
01/02/2019,5.83099,6.34308
31/01/2019,5.83205,6.35905
30/01/2019,5.8494,6.44881
29/01/2019,5.93817,6.475
28/01/2019,5.97002,6.46071
26/01/2019,0,0
25/01/2019,5.85655,6.44643
24/01/2019,5.86054,6.50036
23/01/2019,5.92079,6.51179
22/01/2019,5.94429,6.50357
21/01/2019,5.90763,6.48857
19/01/2019,0,0
18/01/2019,5.91201,6.47
17/01/2019,5.89561,6.46018
16/01/2019,5.89577,6.48786
15/01/2019,5.8136,6.48946
14/01/2019,5.87189,6.49929
12/01/2019,0,0
11/01/2019,5.8391,6.50839
10/01/2019,5.84592,6.5
09/01/2019,5.80594,6.51357
08/01/2019,5.80673,6.52482
07/01/2019,5.84838,6.51714
05/01/2019,0,0
04/01/2019,5.77554,6.55571
03/01/2019,5.80071,6.56286
02/01/2019,5.77476,6.57691
31/12/2018,5.82907,6.60333
29/12/2018,0,0
28/12/2018,5.74448,6.61917
27/12/2018,5.72504,6.62019
26/12/2018,5.81991,6.60722
25/12/2018,0,0
24/12/2018,0,0
22/12/2018,0,0
21/12/2018,5.78903,6.57556
20/12/2018,5.75741,6.60278
19/12/2018,5.80548,6.60694
18/12/2018,5.81094,6.60278
17/12/2018,5.81611,6.60556
15/12/2018,0,0
14/12/2018,5.79024,6.60574
13/12/2018,5.80627,6.60611
12/12/2018,5.77862,6.60563
11/12/2018,5.85529,6.60535
10/12/2018,5.7942,6.60889
08/12/2018,0,0
07/12/2018,5.86825,6.63343
06/12/2018,5.82508,6.63
05/12/2018,5.82333,6.6213
04/12/2018,5.82875,6.615
03/12/2018,5.80416,6.64741
01/12/2018,0,0
30/11/2018,5.87168,6.74611
29/11/2018,5.80162,6.74889
28/11/2018,5.83436,6.75
27/11/2018,5.84444,6.75
26/11/2018,5.80648,6.75
24/11/2018,0,0
23/11/2018,5.8728,6.75
22/11/2018,5.83072,6.75
21/11/2018,5.88376,6.75
20/11/2018,0,0
19/11/2018,5.87842,6.75
17/11/2018,0,0
16/11/2018,5.86376,6.75
15/11/2018,5.66912,6.50056
14/11/2018,5.70277,6.50387
13/11/2018,5.71645,6.51119
12/11/2018,5.62028,6.5
10/11/2018,0,0
09/11/2018,5.66802,6.49878
08/11/2018,5.60557,6.49944
07/11/2018,5.6349,6.5
06/11/2018,5.61048,6.49694
05/11/2018,5.65505,6.5
03/11/2018,0,0
02/11/2018,5.60655,6.5
01/11/2018,5.57892,6.5
31/10/2018,5.5883,6.50167
30/10/2018,5.55855,6.50444
29/10/2018,5.60749,6.50444
27/10/2018,0,0
26/10/2018,5.59867,6.50722
25/10/2018,5.60725,6.50167
24/10/2018,5.58461,6.495
23/10/2018,5.55069,6.50722
22/10/2018,5.62008,6.51
20/10/2018,0,0
19/10/2018,5.5962,6.51343
18/10/2018,5.54298,6.51389
17/10/2018,5.56725,6.52204
16/10/2018,5.60893,6.52407
15/10/2018,5.74857,6.51222
13/10/2018,0,0
12/10/2018,5.81482,6.53222
11/10/2018,5.76955,6.53947
10/10/2018,5.68284,6.49431
09/10/2018,5.61458,6.47944
08/10/2018,5.59833,6.47125
06/10/2018,0,0
05/10/2018,5.62351,6.47889
04/10/2018,5.54617,6.465
03/10/2018,5.53256,6.46056
02/10/2018,5.5694,6.44315
01/10/2018,5.54809,6.42889
29/09/2018,0,0
28/09/2018,5.63341,6.41403
27/09/2018,5.43639,6.18111
26/09/2018,5.28956,6.16361
25/09/2018,5.355,6.16472
24/09/2018,5.41505,6.15319
22/09/2018,0,0
21/09/2018,5.39398,6.15
20/09/2018,5.42199,6.15361
19/09/2018,5.42067,6.15386
18/09/2018,5.38804,6.14056
17/09/2018,5.39167,6.12917
15/09/2018,0,0
14/09/2018,5.44484,6.13722
13/09/2018,5.41486,6.11461
12/09/2018,5.3899,6.11472
11/09/2018,0,0
10/09/2018,5.34811,6.10056
08/09/2018,0,0
07/09/2018,5.29037,6.1
06/09/2018,5.33046,6.10591
05/09/2018,5.34293,6.11181
04/09/2018,5.36607,6.14554
03/09/2018,5.37032,6.10167
01/09/2018,0,0
31/08/2018,5.36286,6.1
30/08/2018,5.37855,6.1
29/08/2018,5.33917,6.1
28/08/2018,5.32827,6.1
27/08/2018,5.34557,6.10111
25/08/2018,0,0
24/08/2018,5.29099,6.11387
23/08/2018,5.39689,6.13333
22/08/2018,0,0
21/08/2018,5.41474,6.11206
20/08/2018,5.34717,6.08017
18/08/2018,0,0
17/08/2018,0,0
16/08/2018,5.2748,6.05
15/08/2018,5.13021,5.85444
14/08/2018,5.13061,5.82889
13/08/2018,5.07314,5.80722
11/08/2018,0,0
10/08/2018,5.00909,5.80556
09/08/2018,5.02712,5.80722
08/08/2018,5.02948,5.81319
07/08/2018,5.03797,5.79722
06/08/2018,5.02704,5.77183
04/08/2018,0,0
03/08/2018,4.97313,5.75056
02/08/2018,5.00285,5.75444
01/08/2018,4.98096,5.75056
31/07/2018,4.98744,5.75125
30/07/2018,5.00058,5.75056
28/07/2018,0,0
27/07/2018,4.98361,5.75056
26/07/2018,4.97488,5.76757
25/07/2018,4.97702,5.775
24/07/2018,4.96711,5.76889
23/07/2018,4.97062,5.77917
21/07/2018,0,0
20/07/2018,4.96787,5.76843
19/07/2018,4.94921,5.78778
18/07/2018,4.91702,5.77486
17/07/2018,4.98766,5.81514
16/07/2018,4.93924,5.75986
14/07/2018,0,0
13/07/2018,4.954,5.78486
12/07/2018,4.92714,5.77639
11/07/2018,4.89648,5.74167
10/07/2018,4.84234,5.72014
09/07/2018,4.87032,5.70125
07/07/2018,0,0
06/07/2018,4.7765,5.66324
05/07/2018,4.87369,5.7025
04/07/2018,4.88193,5.66875
03/07/2018,4.72685,5.60042
02/07/2018,4.72597,5.58208
30/06/2018,0,0
29/06/2018,4.53319,5.48722
28/06/2018,4.46051,5.45486
27/06/2018,4.43832,5.44278
26/06/2018,4.377,5.42861
25/06/2018,4.39605,5.35486
23/06/2018,0,0
22/06/2018,4.47688,5.31069
21/06/2018,4.36174,5.15417
20/06/2018,4.29732,5.08722
19/06/2018,4.28567,5.01389
18/06/2018,0,0
16/06/2018,0,0
15/06/2018,0,0
14/06/2018,0,0
13/06/2018,0,0
12/06/2018,0,0
11/06/2018,0,0
09/06/2018,0,0
08/06/2018,5.47122,6.11625
07/06/2018,4.40824,6.35542
06/06/2018,4.27486,6.43792
05/06/2018,4.24775,6.40736
04/06/2018,4.25549,5.86704
02/06/2018,0,0
01/06/2018,0,0
31/05/2018,4.27992,4.99014
30/05/2018,4.13112,4.87611
29/05/2018,0,0
28/05/2018,4.05227,4.85333
26/05/2018,0,0
25/05/2018,4.01254,4.86611
24/05/2018,4.04745,4.81982
23/05/2018,3.96014,4.80069
22/05/2018,3.98838,4.80403
21/05/2018,4.00549,4.8
19/05/2018,0,0
18/05/2018,4.04086,4.8
17/05/2018,3.93354,4.5263
16/05/2018,3.89737,4.50889
15/05/2018,3.90588,4.5
14/05/2018,3.90096,4.5
12/05/2018,0,0
11/05/2018,3.97244,4.5
10/05/2018,0,0
09/05/2018,3.98002,4.51417
08/05/2018,4.01796,4.50319
07/05/2018,4.04573,4.48514
05/05/2018,0,0
04/05/2018,4.10003,4.48056
03/05/2018,4.10784,4.49528
02/05/2018,3.99067,4.43194
01/05/2018,0,0
30/04/2018,4.18461,4.43375
28/04/2018,0,0
27/04/2018,4.78808,5.02153
26/04/2018,4.7625,4.65111
25/04/2018,4.09334,4.44958
24/04/2018,3.95218,4.47431
23/04/2018,3.898,4.42889
21/04/2018,0,0
20/04/2018,3.91928,4.41111
19/04/2018,3.90211,4.41
18/04/2018,3.9286,4.41111
17/04/2018,3.98912,4.42958
16/04/2018,3.95092,4.40056
14/04/2018,0,0
13/04/2018,3.94882,4.40056
12/04/2018,4.0219,4.40667
11/04/2018,3.85381,4.38194
10/04/2018,3.95378,4.40667
09/04/2018,3.84834,4.38736
07/04/2018,0,0
06/04/2018,3.88833,4.36722
05/04/2018,3.91217,4.38056
04/04/2018,3.89196,4.36667
03/04/2018,3.94215,4.37444
02/04/2018,3.92401,4.36569
31/03/2018,0,0
30/03/2018,0,0
29/03/2018,4.27659,4.41944
28/03/2018,3.96611,4.40167
27/03/2018,4.18062,4.41556
26/03/2018,4.05094,4.39264
24/03/2018,0,0
23/03/2018,3.90229,4.37407
22/03/2018,3.94404,4.39982
21/03/2018,3.85924,4.32569
20/03/2018,3.87159,4.32639
19/03/2018,3.86207,4.32685
17/03/2018,0,0
16/03/2018,3.8488,4.3213
15/03/2018,3.87237,4.33361
14/03/2018,3.86426,4.33361
13/03/2018,3.95438,4.35
12/03/2018,3.97107,4.35148
10/03/2018,0,0
09/03/2018,4.00739,4.41819
08/03/2018,4.08178,4.44042
07/03/2018,4.09625,4.37458
06/03/2018,4.46386,4.41333
05/03/2018,3.95345,4.31889
03/03/2018,0,0
02/03/2018,3.88831,4.31778
01/03/2018,3.92471,4.32167
28/02/2018,3.85635,4.31611
27/02/2018,3.90665,4.31889
26/02/2018,3.85973,4.30722
24/02/2018,0,0
23/02/2018,3.86899,4.31
22/02/2018,3.89659,4.31833
21/02/2018,3.84387,4.30722
20/02/2018,3.88246,4.31556
19/02/2018,3.87946,4.305
17/02/2018,0,0
16/02/2018,0,0
15/02/2018,3.92325,4.30647
14/02/2018,3.86161,4.30167
13/02/2018,3.88629,4.31167
12/02/2018,3.86252,4.30833
10/02/2018,0,0
09/02/2018,3.85,4.31944
08/02/2018,3.88538,4.32907
07/02/2018,3.80329,4.3
06/02/2018,3.81505,4.3
05/02/2018,3.8431,4.3
03/02/2018,0,0
02/02/2018,3.86158,4.3
01/02/2018,3.86214,4.3
31/01/2018,3.8551,4.3
30/01/2018,3.86102,4.3
29/01/2018,3.8467,4.30167
27/01/2018,0,0
26/01/2018,3.86376,4.30444
25/01/2018,3.86134,4.3
24/01/2018,3.83545,4.3
23/01/2018,3.9255,4.30167
22/01/2018,3.92711,4.3
20/01/2018,0,0
19/01/2018,3.86203,4.3
18/01/2018,3.87432,4.3
17/01/2018,3.87978,4.3
16/01/2018,3.90317,4.30222
15/01/2018,3.86704,4.3
13/01/2018,0,0
12/01/2018,3.8687,4.3
11/01/2018,3.8803,4.30167
10/01/2018,3.86608,4.3
09/01/2018,3.84346,4.3
08/01/2018,3.86607,4.3
06/01/2018,0,0
05/01/2018,3.84342,4.30222
04/01/2018,3.83197,4.30514
03/01/2018,3.82103,4.31181
02/01/2018,3.8494,4.38167
01/01/2018,0,0
30/12/2017,3.9,4.46218
29/12/2017,4.06364,4.49231
28/12/2017,3.86721,4.50981
27/12/2017,3.8395,4.45481
26/12/2017,0,0
25/12/2017,0,0
22/12/2017,3.79034,4.49769
21/12/2017,3.85711,4.4441
20/12/2017,3.87645,4.3375
19/12/2017,3.87273,4.32269
18/12/2017,3.88836,4.30462
15/12/2017,3.85318,4.29846
14/12/2017,3.88171,4.30128
13/12/2017,3.82572,4.30128
12/12/2017,3.84485,4.30128
11/12/2017,3.87597,4.30128
08/12/2017,3.88273,4.30442
07/12/2017,3.89408,4.31538
06/12/2017,3.89109,4.30827
05/12/2017,3.8643,4.30442
04/12/2017,3.87264,4.30442
01/12/2017,0,0
30/11/2017,3.89633,4.30308
29/11/2017,3.87249,4.3025
28/11/2017,3.86469,4.3025
27/11/2017,3.8833,4.30462
24/11/2017,3.87896,4.31154
23/11/2017,3.8786,4.30513
22/11/2017,3.88294,4.30481
21/11/2017,3.87407,4.30481
20/11/2017,3.88618,4.30481
17/11/2017,3.85066,4.30513
16/11/2017,3.8678,4.30513
15/11/2017,3.83579,4.30521
14/11/2017,3.8366,4.30442
13/11/2017,3.90927,4.30865
10/11/2017,3.82385,4.30333
09/11/2017,3.84304,4.31154
08/11/2017,3.85943,4.31282
07/11/2017,3.89492,4.31667
06/11/2017,3.86687,4.30846
03/11/2017,3.80824,4.30846
02/11/2017,3.91538,4.31615
01/11/2017,3.83697,4.31231
31/10/2017,3.93329,4.30897
30/10/2017,3.85706,4.30897
27/10/2017,3.83473,4.30385
26/10/2017,3.87138,4.31667
25/10/2017,3.86344,4.30481
24/10/2017,3.89798,4.30865
23/10/2017,3.88426,4.30865
20/10/2017,3.85206,4.30705
19/10/2017,3.90508,4.32705
18/10/2017,3.87401,4.30179
17/10/2017,3.85223,4.30846
16/10/2017,3.87581,4.31231
13/10/2017,3.88417,4.31077
12/10/2017,3.86538,4.30692
11/10/2017,3.88572,4.30712
10/10/2017,3.87624,4.30827
09/10/2017,3.87793,4.30827
06/10/2017,3.8646,4.30558
05/10/2017,3.88308,4.30712
04/10/2017,3.87854,4.30942
03/10/2017,3.86011,4.31212
02/10/2017,3.87896,4.31212
29/09/2017,3.87035,4.31731
28/09/2017,3.85638,4.31731
27/09/2017,3.86441,4.31962
26/09/2017,3.87144,4.31885
25/09/2017,3.88632,4.33462
22/09/2017,4.08887,4.55288
21/09/2017,0,0
20/09/2017,4.14856,4.55731
19/09/2017,4.10435,4.55692
18/09/2017,4.15178,4.55577
15/09/2017,4.06376,4.55577
14/09/2017,4.08488,4.56462
13/09/2017,4.07122,4.56308
12/09/2017,4.13759,4.56538
11/09/2017,4.17837,4.56154
08/09/2017,4.09703,4.55936
07/09/2017,4.09299,4.56474
06/09/2017,4.06599,4.56538
05/09/2017,4.0435,4.56385
04/09/2017,4.08844,4.56385
01/09/2017,0,0
31/08/2017,4.06829,4.56859
30/08/2017,4.09352,4.57846
29/08/2017,4.08127,4.58077
28/08/2017,4.10059,4.58846
25/08/2017,4.05204,4.59385
24/08/2017,4.08411,4.57885
23/08/2017,4.07629,4.57308
22/08/2017,4.34165,4.81987
21/08/2017,4.38611,4.82526
18/08/2017,4.31682,4.81987
17/08/2017,0,0
16/08/2017,4.35259,4.83615
15/08/2017,4.37904,4.83615
14/08/2017,4.39795,4.82365
11/08/2017,4.372,4.83782
10/08/2017,4.36093,4.83077
09/08/2017,4.27105,4.8125
08/08/2017,4.34011,4.82692
07/08/2017,4.30291,4.81923
04/08/2017,4.28446,4.82308
03/08/2017,4.32424,4.81923
02/08/2017,4.27611,4.81635
01/08/2017,4.31252,4.83077
31/07/2017,4.27671,4.825
28/07/2017,4.28941,4.83077
27/07/2017,4.38589,4.85
26/07/2017,4.30387,4.84135
25/07/2017,4.35941,4.85
24/07/2017,4.30102,4.83558
21/07/2017,4.27939,4.8375
20/07/2017,4.36611,4.85
19/07/2017,4.2998,4.8375
18/07/2017,4.33826,4.84519
17/07/2017,4.29183,4.83173
14/07/2017,4.28289,4.83397
13/07/2017,4.34459,4.84487
12/07/2017,4.27128,4.82788
11/07/2017,4.35014,4.84673
10/07/2017,4.28263,4.83462
07/07/2017,4.28142,4.83397
06/07/2017,4.30151,4.83462
05/07/2017,4.28107,4.83462
04/07/2017,4.29158,4.84712
03/07/2017,4.30375,4.85769
30/06/2017,4.28913,4.94
29/06/2017,0,0
23/06/2017,0,0
22/06/2017,4.69042,5.22885
21/06/2017,4.39086,5.55077
20/06/2017,4.6061,5.23615
19/06/2017,4.49992,4.98615
16/06/2017,4.31578,4.85538
15/06/2017,4.31635,4.86308
14/06/2017,4.28677,4.85769
13/06/2017,4.54843,4.94231
12/06/2017,4.33972,4.84981
09/06/2017,4.34586,4.84154
08/06/2017,4.33804,4.84154
07/06/2017,4.27773,4.84731
06/06/2017,4.35829,4.87135
05/06/2017,4.31014,4.84635
02/06/2017,4.31383,4.84885
01/06/2017,0,0
31/05/2017,4.30278,4.85846
30/05/2017,4.38473,4.87154
29/05/2017,4.31942,4.84288
26/05/2017,4.33645,4.85769
25/05/2017,0,0
24/05/2017,4.31638,4.84731
23/05/2017,4.34771,4.85846
22/05/2017,4.31697,4.85846
19/05/2017,4.31869,4.85846
18/05/2017,4.3306,4.87
17/05/2017,4.30999,4.86096
16/05/2017,4.35494,4.87923
15/05/2017,4.36455,4.86635
12/05/2017,4.59076,4.89865
11/05/2017,0,0
10/05/2017,4.30776,4.84654
09/05/2017,4.35142,4.85
08/05/2017,4.34334,4.84654
05/05/2017,4.32675,4.83154
04/05/2017,4.36421,4.84846
03/05/2017,4.31201,4.83788
02/05/2017,4.34556,4.84872
01/05/2017,0,0
28/04/2017,4.35344,4.83923
27/04/2017,4.4567,4.85385
26/04/2017,4.30735,4.83756
25/04/2017,4.30965,4.83308
21/04/2017,4.30329,4.84179
20/04/2017,4.28722,4.83859
19/04/2017,4.32529,4.85769
18/04/2017,4.32836,4.87308
17/04/2017,4.3876,4.87308
14/04/2017,0,0
13/04/2017,4.67102,4.88357
12/04/2017,4.30725,4.86929
11/04/2017,4.58111,4.87732
10/04/2017,4.35257,4.84821
07/04/2017,4.3127,4.85952
06/04/2017,4.33401,4.85357
05/04/2017,4.28958,4.85
04/04/2017,4.31428,4.85
03/04/2017,4.31185,4.85
31/03/2017,4.32963,4.86071
30/03/2017,4.36469,4.86786
29/03/2017,4.31763,4.86071
28/03/2017,0,0
27/03/2017,4.36509,4.86429
24/03/2017,4.33786,4.85
23/03/2017,4.35092,4.84821
22/03/2017,4.26121,4.84286
21/03/2017,4.38359,4.87143
20/03/2017,4.32834,4.85214
17/03/2017,4.26998,4.84321
16/03/2017,4.29597,4.84679
15/03/2017,4.24974,4.84462
14/03/2017,4.30935,4.85393
13/03/2017,4.29227,4.85893
10/03/2017,4.24826,4.84857
09/03/2017,4.32495,4.86429
08/03/2017,4.25955,4.85179
07/03/2017,4.28851,4.85714
06/03/2017,4.27746,4.8506
03/03/2017,4.27134,4.84679
02/03/2017,4.27684,4.86286
01/03/2017,4.24015,4.85714
28/02/2017,4.26673,4.86643
27/02/2017,4.27027,4.86071
24/02/2017,4.23452,4.85714
23/02/2017,4.26165,4.87143
22/02/2017,4.25817,4.86786
21/02/2017,4.33025,4.87714
20/02/2017,4.31285,4.87214
17/02/2017,4.31606,4.8575
16/02/2017,4.21701,4.84554
15/02/2017,0,0
14/02/2017,4.3985,4.89554
13/02/2017,4.22124,4.83304
10/02/2017,4.27506,4.82143
09/02/2017,4.20821,4.79929
08/02/2017,4.15806,4.8
07/02/2017,4.1814,4.8
06/02/2017,4.16394,4.79911
03/02/2017,4.13641,4.79911
02/02/2017,4.15129,4.79607
01/02/2017,4.1368,4.79643
31/01/2017,4.12846,4.79696
30/01/2017,4.15397,4.79339
27/01/2017,4.13747,4.78661
26/01/2017,4.12864,4.78304
25/01/2017,4.1433,4.79464
24/01/2017,4.12791,4.8
23/01/2017,4.13734,4.79214
20/01/2017,4.1436,4.79071
19/01/2017,4.13607,4.7925
18/01/2017,4.1468,4.7975
17/01/2017,4.1531,4.79929
16/01/2017,4.1476,4.8
13/01/2017,4.14848,4.79929
12/01/2017,4.12798,4.79911
11/01/2017,4.13053,4.79911
10/01/2017,4.14006,4.80179
09/01/2017,4.14132,4.80982
06/01/2017,4.13105,4.81339
05/01/2017,4.12697,4.82768
04/01/2017,4.12935,4.84554
03/01/2017,4.12408,4.88036
02/01/2017,0,0
30/12/2016,0,6.48526
29/12/2016,0,6.83654
28/12/2016,0,6.72346
27/12/2016,0,6.41346
26/12/2016,0,0
23/12/2016,0,6.04423
22/12/2016,0,6.01827
21/12/2016,0,5.65
20/12/2016,0,4.92442
19/12/2016,0,4.91128
16/12/2016,0,4.89051
15/12/2016,0,4.88282
14/12/2016,0,4.86615
13/12/2016,0,4.86615
12/12/2016,0,0
09/12/2016,0,4.86231
08/12/2016,0,4.86231
07/12/2016,0,4.86231
06/12/2016,0,4.86769
05/12/2016,0,4.86462
02/12/2016,0,4.86462
01/12/2016,0,4.86462
30/11/2016,0,4.87
29/11/2016,0,4.87385
28/11/2016,0,4.87385
25/11/2016,0,4.87385
24/11/2016,0,4.87385
23/11/2016,0,4.87385
22/11/2016,0,4.88538
21/11/2016,0,4.87385
18/11/2016,0,4.88077
17/11/2016,0,4.87692
16/11/2016,0,4.89846
15/11/2016,0,4.89327
14/11/2016,0,4.915
11/11/2016,0,4.89744
10/11/2016,0,4.85128
09/11/2016,0,4.85058
08/11/2016,0,4.85481
07/11/2016,0,4.85833
04/11/2016,0,4.85769
03/11/2016,0,4.85923
02/11/2016,0,4.86923
01/11/2016,0,4.88173
31/10/2016,0,4.88462
28/10/2016,0,4.88974
27/10/2016,0,4.88615
26/10/2016,0,4.88404
25/10/2016,0,4.89731
24/10/2016,0,4.90865
21/10/2016,0,4.97538
20/10/2016,0,5.14295
19/10/2016,0,5.15346
18/10/2016,0,5.20385
17/10/2016,0,5.24327
14/10/2016,0,5.40135
13/10/2016,0,5.40769
12/10/2016,0,5.42212
11/10/2016,0,5.44365
10/10/2016,0,5.31154
07/10/2016,0,5.25673
06/10/2016,0,5.24904
05/10/2016,0,5.24423
04/10/2016,0,5.27692
03/10/2016,0,5.34479
30/09/2016,0,5.41038
29/09/2016,0,5.395
28/09/2016,0,5.35
27/09/2016,0,5.50096
26/09/2016,0,5.27231
23/09/2016,0,5.24038
22/09/2016,0,5.41154
21/09/2016,0,5.41058
20/09/2016,0,5.41538
19/09/2016,0,5.41635
16/09/2016,0,5.41923
15/09/2016,0,5.41923
14/09/2016,0,5.41923
13/09/2016,0,5.41923
12/09/2016,0,0
09/09/2016,0,5.40769
08/09/2016,0,5.36923
07/09/2016,0,5.36596
06/09/2016,0,5.37019
05/09/2016,0,5.36981
02/09/2016,0,5.37019
01/09/2016,0,5.38173
31/08/2016,0,5.3875
30/08/2016,0,5.39519
29/08/2016,0,5.39077
26/08/2016,0,5.39231
25/08/2016,0,5.42096
24/08/2016,0,5.43846
23/08/2016,0,5.52635
22/08/2016,0,5.34962
19/08/2016,0,5.34949
18/08/2016,0,5.34795
17/08/2016,0,0
16/08/2016,0,5.34949
15/08/2016,0,5.35
12/08/2016,0,5.35
11/08/2016,0,5.34923
10/08/2016,0,5.34788
09/08/2016,0,5.34423
08/08/2016,0,5.34949
05/08/2016,0,5.34641
04/08/2016,0,5.3441
03/08/2016,0,5.33808
02/08/2016,0,5.33923
01/08/2016,0,5.34385
29/07/2016,0,5.34846
28/07/2016,0,5.34923
27/07/2016,0,5.34923
26/07/2016,0,5.34538
25/07/2016,0,5.35173
22/07/2016,0,5.35635
21/07/2016,0,5.35942
20/07/2016,0,5.36827
19/07/2016,0,5.37231
18/07/2016,0,5.36744
15/07/2016,0,5.36385
14/07/2016,0,5.38596
13/07/2016,0,5.39827
12/07/2016,0,5.4
11/07/2016,0,5.38769
08/07/2016,0,0
07/07/2016,0,0
06/07/2016,0,0
05/07/2016,0,0
04/07/2016,0,4.93923
01/07/2016,0,5.98846
30/06/2016,0,6.03462
29/06/2016,0,6.05385
28/06/2016,0,5.92577
27/06/2016,0,5.69692
24/06/2016,0,5.46179
23/06/2016,0,5.38718
22/06/2016,0,5.38654
21/06/2016,0,5.37635
20/06/2016,0,5.38
17/06/2016,0,5.38481
16/06/2016,0,5.62513
15/06/2016,0,5.66635
14/06/2016,0,5.87692
13/06/2016,0,5.65769
10/06/2016,0,5.59295
09/06/2016,0,5.55
08/06/2016,0,5.55
07/06/2016,0,5.55
06/06/2016,0,5.54923
03/06/2016,0,5.54718
02/06/2016,0,5.54846
01/06/2016,0,5.54346
31/05/2016,0,5.54615
30/05/2016,0,5.54769
27/05/2016,0,5.54846
26/05/2016,0,5.54795
25/05/2016,0,5.5425
24/05/2016,0,5.5425
23/05/2016,0,5.54188
20/05/2016,0,5.54615
19/05/2016,0,5.54615
18/05/2016,0,5.54538
17/05/2016,0,5.54615
16/05/2016,0,5.54872
13/05/2016,0,5.54904
12/05/2016,0,5.54635
11/05/2016,0,5.54615
10/05/2016,0,5.54481
09/05/2016,0,5.54481
06/05/2016,0,0
05/05/2016,0,0
04/05/2016,0,5.54404
03/05/2016,0,5.53808
02/05/2016,0,5.53865
29/04/2016,0,5.55596
28/04/2016,0,5.53615
27/04/2016,0,5.53058
26/04/2016,0,5.53077
25/04/2016,0,5.52692
22/04/2016,0,5.51923
21/04/2016,0,5.52308
20/04/2016,0,5.52308
19/04/2016,0,5.52308
18/04/2016,0,5.52308
15/04/2016,0,5.52821
14/04/2016,0,5.52692
13/04/2016,0,5.52308
12/04/2016,0,5.52462
11/04/2016,0,5.52692
08/04/2016,0,5.52692
07/04/2016,0,5.52692
06/04/2016,0,5.52692
05/04/2016,0,5.52692
04/04/2016,0,5.52692
01/04/2016,0,5.53872
31/03/2016,0,5.53974
30/03/2016,0,5.53558
29/03/2016,0,5.53462
28/03/2016,0,5.52788
25/03/2016,0,0
24/03/2016,0,5.52538
23/03/2016,0,5.52154
22/03/2016,0,5.51615
21/03/2016,0,5.49981
18/03/2016,0,5.50577
17/03/2016,0,5.74923
16/03/2016,0,5.75731
15/03/2016,0,5.76154
14/03/2016,0,5.76154
11/03/2016,0,5.76154
10/03/2016,0,5.76154
09/03/2016,0,0
08/03/2016,0,5.76538
07/03/2016,0,5.76538
04/03/2016,0,5.77269
03/03/2016,0,5.77923
02/03/2016,0,5.78308
01/03/2016,0,5.79077
29/02/2016,0,5.79462
26/02/2016,0,5.79692
25/02/2016,0,5.79769
24/02/2016,0,5.79692
23/02/2016,0,5.79615
22/02/2016,0,5.79692
19/02/2016,0,5.79923
18/02/2016,0,6.05885
17/02/2016,0,6.07
16/02/2016,0,6.07077
15/02/2016,0,6.07846
12/02/2016,0,6.06808
11/02/2016,0,6.07731
10/02/2016,0,6.08615
09/02/2016,0,6.09385
08/02/2016,0,0
05/02/2016,0,6.08462
04/02/2016,0,6.08846
03/02/2016,0,6.09692
02/02/2016,0,6.10192
01/02/2016,0,6.10577
29/01/2016,0,6.10962
28/01/2016,0,6.11538
27/01/2016,0,6.11923
26/01/2016,0,6.13231
25/01/2016,0,6.13462
22/01/2016,0,6.13577
21/01/2016,0,6.16154
20/01/2016,0,6.20346
19/01/2016,0,6.22308
18/01/2016,0,6.25923
15/01/2016,0,6.29423
14/01/2016,0,6.49692
13/01/2016,0,6.49154
12/01/2016,0,6.49692
11/01/2016,0,6.49308
08/01/2016,0,6.48846
07/01/2016,0,6.48923
06/01/2016,0,6.47583
05/01/2016,0,6.48692
04/01/2016,0,6.53077
01/01/2016,0,0
31/12/2015,0,8.67667
30/12/2015,0,9.50333
29/12/2015,0,9.11467
28/12/2015,0,7.08429
25/12/2015,0,0
24/12/2015,0,0
23/12/2015,0,6.882
22/12/2015,0,6.584
21/12/2015,0,6.54933
18/12/2015,0,6.54167
17/12/2015,0,6.52133
16/12/2015,0,6.51133
15/12/2015,0,6.5
14/12/2015,0,6.5
11/12/2015,0,6.5
10/12/2015,0,6.49
09/12/2015,0,0
08/12/2015,0,6.48133
07/12/2015,0,6.48133
04/12/2015,0,6.5
03/12/2015,0,6.5
02/12/2015,0,6.50533
01/12/2015,0,6.51467
30/11/2015,0,6.51071
27/11/2015,0,6.51667
26/11/2015,0,6.52867
25/11/2015,0,6.53467
24/11/2015,0,6.57333
23/11/2015,0,6.58
20/11/2015,0,6.57667
19/11/2015,0,6.60133
18/11/2015,0,6.69733
17/11/2015,0,6.675
16/11/2015,0,6.59
13/11/2015,0,6.59133
12/11/2015,0,6.58667
11/11/2015,0,6.562
10/11/2015,0,6.562
09/11/2015,0,6.562
06/11/2015,0,6.56533
05/11/2015,0,6.57533
04/11/2015,0,6.57067
03/11/2015,0,6.56933
02/11/2015,0,6.571
30/10/2015,0,6.61
29/10/2015,0,6.67
28/10/2015,0,6.65
27/10/2015,0,6.62
26/10/2015,0,6.562
23/10/2015,0,6.53133
22/10/2015,0,6.522
21/10/2015,0,6.50333
20/10/2015,0,6.488
19/10/2015,0,6.46467
16/10/2015,0,6.54167
15/10/2015,0,6.538
14/10/2015,0,0
13/10/2015,0,6.457
12/10/2015,0,6.425
09/10/2015,0,6.41633
08/10/2015,0,6.45633
07/10/2015,0,6.36167
06/10/2015,0,6.342
05/10/2015,0,6.33867
02/10/2015,0,6.40333
01/10/2015,0,7.09467
30/09/2015,0,7.32143
29/09/2015,0,7.048
28/09/2015,0,6.36
25/09/2015,0,6.35214
24/09/2015,0,0
23/09/2015,0,6.25333
22/09/2015,0,6.24857
21/09/2015,0,6.23533
18/09/2015,0,5.93467
17/09/2015,0,5.95
16/09/2015,0,5.98533
15/09/2015,0,6.00533
14/09/2015,0,6.048
11/09/2015,0,6.08667
10/09/2015,0,6.11
09/09/2015,0,6.06067
08/09/2015,0,6.00933
07/09/2015,0,5.99667
04/09/2015,0,5.99267
03/09/2015,0,5.97333
02/09/2015,0,5.98467
01/09/2015,0,6.00333
31/08/2015,0,6.03867
28/08/2015,0,6.1
27/08/2015,0,6.09133
26/08/2015,0,6.09
25/08/2015,0,6.03733
24/08/2015,0,5.84533
21/08/2015,0,5.772
20/08/2015,0,5.75733
19/08/2015,0,5.72067
18/08/2015,0,5.72667
17/08/2015,0,0
14/08/2015,0,5.70867
13/08/2015,0,5.716
12/08/2015,0,5.729
11/08/2015,0,5.73767
10/08/2015,0,5.74867
07/08/2015,0,5.748
06/08/2015,0,5.75867
05/08/2015,0,5.78667
04/08/2015,0,5.82467
03/08/2015,0,5.83467
31/07/2015,0,5.862
30/07/2015,0,5.868
29/07/2015,0,5.878
28/07/2015,0,5.87467
27/07/2015,0,5.86333
24/07/2015,0,5.88133
23/07/2015,0,5.879
22/07/2015,0,5.895
21/07/2015,0,6.00333
20/07/2015,0,0
17/07/2015,0,0
16/07/2015,0,0
15/07/2015,0,7.222
14/07/2015,0,7.19667
13/07/2015,0,6.93333
10/07/2015,0,6.497
09/07/2015,0,5.96
08/07/2015,0,5.858
07/07/2015,0,5.83933
06/07/2015,0,5.80933
03/07/2015,0,5.806
02/07/2015,0,5.80467
01/07/2015,0,5.79667
30/06/2015,0,5.78267
29/06/2015,0,5.77667
26/06/2015,0,5.77667
25/06/2015,0,5.77667
24/06/2015,0,5.77467
23/06/2015,0,5.783
22/06/2015,0,5.79667
19/06/2015,0,5.79733
18/06/2015,0,5.80467
17/06/2015,0,5.82
16/06/2015,0,5.83033
15/06/2015,0,5.83967
12/06/2015,0,6.26333
11/06/2015,0,5.85133
10/06/2015,0,5.754
09/06/2015,0,5.72033
08/06/2015,0,5.72367
05/06/2015,0,5.73267
04/06/2015,0,5.738
03/06/2015,0,5.74733
02/06/2015,0,0
01/06/2015,0,5.74933
29/05/2015,0,5.75
28/05/2015,0,5.75333
27/05/2015,0,5.754
26/05/2015,0,5.754
25/05/2015,0,5.754
22/05/2015,0,5.75133
21/05/2015,0,5.76
20/05/2015,0,5.768
19/05/2015,0,5.772
18/05/2015,0,5.78867
15/05/2015,0,5.79067
14/05/2015,0,0
13/05/2015,0,5.794
12/05/2015,0,5.78733
11/05/2015,0,5.8
08/05/2015,0,5.8
07/05/2015,0,5.81
06/05/2015,0,5.82
05/05/2015,0,5.838
04/05/2015,0,5.87
01/05/2015,0,0
30/04/2015,0,6
29/04/2015,0,5.99733
28/04/2015,0,5.992
27/04/2015,0,5.98333
24/04/2015,0,5.97667
23/04/2015,0,5.95133
22/04/2015,0,5.93667
21/04/2015,0,5.868
20/04/2015,0,5.78667
17/04/2015,0,5.75
16/04/2015,0,5.74533
15/04/2015,0,5.74267
14/04/2015,0,5.75067
13/04/2015,0,5.75333
10/04/2015,0,5.758
09/04/2015,0,5.77333
08/04/2015,0,5.78333
07/04/2015,0,5.79667
06/04/2015,0,5.82467
03/04/2015,0,0
02/04/2015,0,5.93533
01/04/2015,0,6.08667
31/03/2015,0,6.97125
30/03/2015,0,6.74719
27/03/2015,0,6.415
26/03/2015,0,6.16188
25/03/2015,0,5.94313
24/03/2015,0,5.83688
23/03/2015,0,5.8
20/03/2015,0,5.8
19/03/2015,0,5.8
18/03/2015,0,5.8
17/03/2015,0,5.8
16/03/2015,0,5.8
13/03/2015,0,5.8
12/03/2015,0,5.8
11/03/2015,0,5.8
10/03/2015,0,5.8
09/03/2015,0,5.8
06/03/2015,0,5.8
05/03/2015,0,5.8
04/03/2015,0,5.8
03/03/2015,0,5.8
02/03/2015,0,5.8
27/02/2015,0,5.8
26/02/2015,0,5.8
25/02/2015,0,5.8
24/02/2015,0,5.8
23/02/2015,0,5.8
20/02/2015,0,5.8
19/02/2015,0,0
18/02/2015,0,5.80188
17/02/2015,0,5.95
16/02/2015,0,5.95
13/02/2015,0,5.95
12/02/2015,0,5.95
11/02/2015,0,5.95
10/02/2015,0,5.95
09/02/2015,0,5.95125
06/02/2015,0,5.95125
05/02/2015,0,5.955
04/02/2015,0,5.96063
03/02/2015,0,5.9675
02/02/2015,0,5.97375
30/01/2015,0,5.97625
29/01/2015,0,5.96688
28/01/2015,0,5.9675
27/01/2015,0,5.96125
26/01/2015,0,5.955
23/01/2015,0,5.95063
22/01/2015,0,5.95
21/01/2015,0,5.94938
20/01/2015,0,5.94875
19/01/2015,0,5.945
16/01/2015,0,5.93813
15/01/2015,0,5.93438
14/01/2015,0,5.93438
13/01/2015,0,5.93438
12/01/2015,0,5.92
09/01/2015,0,5.9125
08/01/2015,0,5.915
07/01/2015,0,5.915
06/01/2015,0,5.92625
05/01/2015,0,5.9375
02/01/2015,0,5.95938
01/01/2015,0,0
31/12/2014,0,6.13219
30/12/2014,0,5.94813
29/12/2014,0,5.90813
26/12/2014,0,0
25/12/2014,0,0
24/12/2014,0,5.9
23/12/2014,0,5.9
22/12/2014,0,5.9
19/12/2014,0,5.89813
18/12/2014,0,5.89688
17/12/2014,0,5.89563
16/12/2014,0,5.89438
15/12/2014,0,5.8925
12/12/2014,0,5.89188
11/12/2014,0,5.89438
10/12/2014,0,5.89563
09/12/2014,0,5.89688
08/12/2014,0,5.89563
05/12/2014,0,5.89625
04/12/2014,0,5.89938
03/12/2014,0,5.9
02/12/2014,0,5.9
01/12/2014,0,5.9
28/11/2014,0,5.9
27/11/2014,0,5.9
26/11/2014,0,5.9
25/11/2014,0,5.9
24/11/2014,0,5.9
21/11/2014,0,5.9
20/11/2014,0,5.9
19/11/2014,0,5.9
18/11/2014,0,5.9
17/11/2014,0,5.9
14/11/2014,0,5.9
13/11/2014,0,5.9
12/11/2014,0,5.9
11/11/2014,0,5.9
10/11/2014,0,5.9
07/11/2014,0,5.9
06/11/2014,0,5.9
05/11/2014,0,5.9
04/11/2014,0,5.90125
03/11/2014,0,5.90406
31/10/2014,0,5.91531
30/10/2014,0,5.925
29/10/2014,0,5.93625
28/10/2014,0,5.94625
27/10/2014,0,5.95438
24/10/2014,0,5.95938
23/10/2014,0,5.97
22/10/2014,0,5.98375
21/10/2014,0,5.99625
20/10/2014,0,5.99875
17/10/2014,0,5.99938
16/10/2014,0,6
15/10/2014,0,6.00188
14/10/2014,0,6.01875
13/10/2014,0,6.02563
10/10/2014,0,6.03563
09/10/2014,0,6.04375
08/10/2014,0,6.05063
07/10/2014,0,6.065
06/10/2014,0,6.075
03/10/2014,0,6.09125
02/10/2014,0,6.1
01/10/2014,0,6.1
30/09/2014,0,6.1
29/09/2014,0,6.1
26/09/2014,0,6.1
25/09/2014,0,6.1025
24/09/2014,0,6.12063
23/09/2014,0,6.13813
22/09/2014,0,6.1475
19/09/2014,0,6.14625
18/09/2014,0,6.15
17/09/2014,0,6.17
16/09/2014,0,6.18
15/09/2014,0,6.19625
12/09/2014,0,6.21
11/09/2014,0,6.22625
10/09/2014,0,6.23688
09/09/2014,0,6.25813
08/09/2014,0,6.28625
05/09/2014,0,6.32125
04/09/2014,0,6.345
03/09/2014,0,6.36188
02/09/2014,0,6.37688
01/09/2014,0,6.395
29/08/2014,0,6.4
28/08/2014,0,6.39813
27/08/2014,0,6.39938
26/08/2014,0,6.4
25/08/2014,0,6.39563
22/08/2014,0,6.39875
21/08/2014,0,6.39188
20/08/2014,0,6.4
19/08/2014,0,6.4
18/08/2014,0,6.4
15/08/2014,0,6.4
14/08/2014,0,6.4
13/08/2014,0,6.4
12/08/2014,0,6.4
11/08/2014,0,6.4
08/08/2014,0,6.41875
07/08/2014,0,6.44625
06/08/2014,0,6.48125
05/08/2014,0,6.50063
04/08/2014,0,6.51375
01/08/2014,0,6.54286
25/07/2014,0,6.54125
24/07/2014,0,6.425
23/07/2014,0,6.4
22/07/2014,0,6.4
21/07/2014,0,6.4
18/07/2014,0,6.4
17/07/2014,0,6.4
16/07/2014,0,6.4025
15/07/2014,0,6.40938
14/07/2014,0,6.41688
11/07/2014,0,6.41875
10/07/2014,0,6.44813
09/07/2014,0,0
08/07/2014,0,6.48625
07/07/2014,0,6.52625
04/07/2014,0,6.53125
03/07/2014,0,6.54063
02/07/2014,0,6.55
01/07/2014,0,6.55
30/06/2014,0,6.55
27/06/2014,0,6.55
26/06/2014,0,6.55
25/06/2014,0,6.55
24/06/2014,0,6.55
23/06/2014,0,6.55
20/06/2014,0,6.55
19/06/2014,0,6.55
18/06/2014,0,6.55
17/06/2014,0,6.55
16/06/2014,0,6.55
13/06/2014,0,6.55
12/06/2014,0,6.54625
11/06/2014,0,6.54563
10/06/2014,0,6.54188
09/06/2014,0,6.54313
06/06/2014,0,6.52938
05/06/2014,0,6.55
04/06/2014,0,6.55
03/06/2014,0,6.55
02/06/2014,0,6.55531
30/05/2014,0,6.56694
29/05/2014,0,0
28/05/2014,0,6.55844
27/05/2014,0,0
26/05/2014,0,6.56344
23/05/2014,0,6.56388
22/05/2014,0,6.57719
21/05/2014,0,6.58788
20/05/2014,0,6.58563
19/05/2014,0,6.57544
16/05/2014,0,6.57467
15/05/2014,0,0
14/05/2014,0,6.57219
13/05/2014,0,6.55744
12/05/2014,0,6.55
09/05/2014,0,6.55
08/05/2014,0,6.55
07/05/2014,0,6.55313
06/05/2014,0,6.55531
05/05/2014,0,6.5575
02/05/2014,0,6.56063
01/05/2014,0,0
30/04/2014,0,6.57969
29/04/2014,0,6.57969
28/04/2014,0,6.58169
25/04/2014,0,6.57844
24/04/2014,0,6.57469
23/04/2014,0,6.57406
22/04/2014,0,6.57219
21/04/2014,0,6.57219
18/04/2014,0,0
17/04/2014,0,6.57563
16/04/2014,0,6.56656
15/04/2014,0,6.55938
14/04/2014,0,6.55625
11/04/2014,0,6.55
10/04/2014,0,6.55
09/04/2014,0,0
08/04/2014,0,6.55
07/04/2014,0,6.55
04/04/2014,0,6.55
03/04/2014,0,6.55
02/04/2014,0,6.55
01/04/2014,0,6.55
31/03/2014,0,0
28/03/2014,0,6.55
27/03/2014,0,6.55
26/03/2014,0,6.54813
25/03/2014,0,6.55
24/03/2014,0,6.55688
21/03/2014,0,6.55313
20/03/2014,0,6.55625
19/03/2014,0,6.55313
18/03/2014,0,6.55
17/03/2014,0,6.55
14/03/2014,0,6.55
13/03/2014,0,6.56813
12/03/2014,0,6.58063
11/03/2014,0,6.55938
10/03/2014,0,6.55
07/03/2014,0,6.54286
06/03/2014,0,6.53625
05/03/2014,0,6.53125
04/03/2014,0,6.52813
03/03/2014,0,6.52563
28/02/2014,0,6.52875
27/02/2014,0,6.5275
26/02/2014,0,6.51813
25/02/2014,0,6.51375
24/02/2014,0,6.51688
21/02/2014,0,6.51875
20/02/2014,0,6.51938
19/02/2014,0,6.51438
18/02/2014,0,6.5025
17/02/2014,0,6.5
14/02/2014,0,6.5
13/02/2014,0,6.5
12/02/2014,0,6.5
11/02/2014,0,6.5
10/02/2014,0,6.5
07/02/2014,0,6.5
06/02/2014,0,6.5
05/02/2014,0,6.49938
04/02/2014,0,6.49125
03/02/2014,0,6.4925
31/01/2014,0,0
30/01/2014,0,6.49563
29/01/2014,0,6.48625
28/01/2014,0,6.48125
27/01/2014,0,6.48313
24/01/2014,0,6.47125
23/01/2014,0,6.46375
22/01/2014,0,6.45938
21/01/2014,0,6.45938
20/01/2014,0,6.44188
17/01/2014,0,6.43875
16/01/2014,0,6.42563
15/01/2014,0,6.42375
14/01/2014,0,0
13/01/2014,0,6.4075
10/01/2014,0,6.4
09/01/2014,0,6.40375
08/01/2014,0,6.4
07/01/2014,0,6.40438
06/01/2014,0,6.41063
03/01/2014,0,6.42308
02/01/2014,0,6.46643
01/01/2014,0,0
31/12/2013,0,6.93429
30/12/2013,0,6.715
27/12/2013,0,6.50929
26/12/2013,0,0
25/12/2013,0,0
24/12/2013,0,6.48
23/12/2013,0,6.455
20/12/2013,0,6.45133
19/12/2013,0,6.45
18/12/2013,0,6.44643
17/12/2013,0,6.44643
16/12/2013,0,6.44643
13/12/2013,0,6.44643
12/12/2013,0,6.44857
11/12/2013,0,6.45714
10/12/2013,0,6.46071
09/12/2013,0,6.46429
06/12/2013,0,6.475
05/12/2013,0,6.47857
04/12/2013,0,6.47857
03/12/2013,0,6.47143
02/12/2013,0,6.47643
29/11/2013,0,6.49286
28/11/2013,0,6.48214
27/11/2013,0,6.46286
26/11/2013,0,6.44214
25/11/2013,0,6.40429
22/11/2013,0,6.4
21/11/2013,0,6.4
20/11/2013,0,6.39
19/11/2013,0,6.38286
18/11/2013,0,6.37929
15/11/2013,0,6.36857
14/11/2013,0,6.36857
13/11/2013,0,6.358
12/11/2013,0,6.10714
11/11/2013,0,6.1
08/11/2013,0,6.1
07/11/2013,0,6.1
06/11/2013,0,6.1
05/11/2013,0,0
04/11/2013,0,6.1
01/11/2013,0,6.1
31/10/2013,0,6.10071
30/10/2013,0,6.10071
29/10/2013,0,6.1
28/10/2013,0,6.1
25/10/2013,0,6.1
24/10/2013,0,6.1
23/10/2013,0,6.1
22/10/2013,0,6.1
21/10/2013,0,6.1
18/10/2013,0,6.1
17/10/2013,0,6.1
16/10/2013,0,6.1
15/10/2013,0,0
14/10/2013,0,0
11/10/2013,0,6.09714
10/10/2013,0,6.09143
09/10/2013,0,6.095
08/10/2013,0,6.09429
07/10/2013,0,6.09
04/10/2013,0,6.07929
03/10/2013,0,6.075
02/10/2013,0,6.06786
01/10/2013,0,6.07214
30/09/2013,0,6.05643
27/09/2013,0,6.03429
26/09/2013,0,6.02143
25/09/2013,0,6.01071
24/09/2013,0,6.01429
23/09/2013,0,6.00714
20/09/2013,0,6.00357
19/09/2013,0,6
18/09/2013,0,6
17/09/2013,0,6
16/09/2013,0,6
13/09/2013,0,5.98929
12/09/2013,0,5.7
11/09/2013,0,5.70714
10/09/2013,0,5.70714
09/09/2013,0,5.71071
06/09/2013,0,5.71786
05/09/2013,0,5.72857
04/09/2013,0,5.73214
03/09/2013,0,5.75714
02/09/2013,0,5.78929
30/08/2013,0,5.81786
29/08/2013,0,5.33571
28/08/2013,0,5.31786
27/08/2013,0,5.31071
26/08/2013,0,5.29643
23/08/2013,0,5.30214
22/08/2013,0,5.30929
21/08/2013,0,5.31643
20/08/2013,0,5.32357
19/08/2013,0,5.33071
16/08/2013,0,5.325
15/08/2013,0,5.30357
14/08/2013,0,5.29429
13/08/2013,0,5.26786
12/08/2013,0,5.24643
09/08/2013,0,0
08/08/2013,0,0
07/08/2013,0,0
06/08/2013,0,5.32143
05/08/2013,0,5.24643
02/08/2013,0,5.23929
01/08/2013,0,5.22143
31/07/2013,0,5.21071
30/07/2013,0,5.19071
29/07/2013,0,5.18357
26/07/2013,0,5.17643
25/07/2013,0,5.17
24/07/2013,0,5.17467
23/07/2013,0,5.17214
22/07/2013,0,5.16071
19/07/2013,0,5.15
18/07/2013,0,5.15
17/07/2013,0,5.15
16/07/2013,0,5.155
15/07/2013,0,5.16929
12/07/2013,0,5.16786
11/07/2013,0,4.55
10/07/2013,0,4.55
09/07/2013,0,4.55
08/07/2013,0,4.55
05/07/2013,0,4.55
04/07/2013,0,4.55
03/07/2013,0,4.55
02/07/2013,0,4.56071
01/07/2013,0,4.57143
28/06/2013,0,4.60286
27/06/2013,0,4.58071
26/06/2013,0,4.57143
25/06/2013,0,4.56429
24/06/2013,0,4.56071
21/06/2013,0,4.55857
20/06/2013,0,4.545
19/06/2013,0,4.53286
18/06/2013,0,4.52786
17/06/2013,0,4.52714
14/06/2013,0,4.52714
13/06/2013,0,4.49857
12/06/2013,0,4.46714
11/06/2013,0,4.27786
10/06/2013,0,4.27429
07/06/2013,0,4.27429
06/06/2013,0,0
05/06/2013,0,4.27429
04/06/2013,0,4.27286
03/06/2013,0,4.27429
31/05/2013,0,4.27571
30/05/2013,0,4.27571
29/05/2013,0,4.275
28/05/2013,0,4.27214
27/05/2013,0,4.27214
24/05/2013,0,4.27071
23/05/2013,0,4.27
22/05/2013,0,4.27143
21/05/2013,0,4.27143
20/05/2013,0,4.27
17/05/2013,0,4.27143
16/05/2013,0,4.27071
15/05/2013,0,4.27071
14/05/2013,0,4.27214
13/05/2013,0,4.27286
10/05/2013,0,4.27286
09/05/2013,0,0
08/05/2013,0,4.27429
07/05/2013,0,4.27429
06/05/2013,0,4.27571
03/05/2013,0,4.27643
02/05/2013,0,4.27786
01/05/2013,0,4.27857
30/04/2013,0,4.28
29/04/2013,0,4.28
26/04/2013,0,4.27857
25/04/2013,0,4.28
24/04/2013,0,4.28
23/04/2013,0,4.28
22/04/2013,0,4.28
19/04/2013,0,4.28
18/04/2013,0,4.28
17/04/2013,0,4.28
16/04/2013,0,4.28
15/04/2013,0,4.28
12/04/2013,0,4.28
11/04/2013,0,4.28
10/04/2013,0,4.28
09/04/2013,0,4.28
08/04/2013,0,4.28
05/04/2013,0,4.28
04/04/2013,0,4.28
03/04/2013,0,4.28
02/04/2013,0,4.28
01/04/2013,0,4.28
29/03/2013,0,0
28/03/2013,0,4.28
27/03/2013,0,4.28
26/03/2013,0,4.28
25/03/2013,0,4.28
22/03/2013,0,4.28
21/03/2013,0,4.28
20/03/2013,0,4.28
19/03/2013,0,4.28
18/03/2013,0,4.28
15/03/2013,0,4.28
14/03/2013,0,4.28
13/03/2013,0,4.28
12/03/2013,0,0
11/03/2013,0,4.27929
08/03/2013,0,4.27857
07/03/2013,0,4.28
06/03/2013,0,4.28
05/03/2013,0,4.28
04/03/2013,0,4.28
01/03/2013,0,4.28286
28/02/2013,0,4.28643
27/02/2013,0,4.28
26/02/2013,0,4.27857
25/02/2013,0,4.27714
22/02/2013,0,4.27643
21/02/2013,0,4.27643
20/02/2013,0,4.27643
19/02/2013,0,4.27857
18/02/2013,0,4.27929
15/02/2013,0,4.28
14/02/2013,0,4.28
13/02/2013,0,4.27929
12/02/2013,0,4.27857
11/02/2013,0,4.27786
08/02/2013,0,4.2928
07/02/2013,0,4.2924
06/02/2013,0,4.2924
05/02/2013,0,4.292
04/02/2013,0,4.292
01/02/2013,0,4.2936
31/01/2013,0,4.2964
30/01/2013,0,4.2964
29/01/2013,0,4.2948
28/01/2013,0,4.2924
25/01/2013,0,4.2964
24/01/2013,0,0
23/01/2013,0,4.2944
22/01/2013,0,4.2928
21/01/2013,0,4.2912
18/01/2013,0,4.292
17/01/2013,0,4.2892
16/01/2013,0,4.2908
15/01/2013,0,4.2928
14/01/2013,0,4.29
11/01/2013,0,4.2892
10/01/2013,0,4.2884
09/01/2013,0,4.2876
08/01/2013,0,4.2868
07/01/2013,0,4.2908
04/01/2013,0,4.2936
03/01/2013,0,4.3136
02/01/2013,0,4.3496
01/01/2013,0,0
31/12/2012,0,0
28/12/2012,0,4.4796
27/12/2012,0,4.418
26/12/2012,0,4.3628
25/12/2012,0,0
24/12/2012,0,0
21/12/2012,0,4.3384
20/12/2012,0,4.322
19/12/2012,0,4.3172
18/12/2012,0,4.3108
17/12/2012,0,4.3048
14/12/2012,0,4.2988
13/12/2012,0,4.2924
12/12/2012,0,4.2924
11/12/2012,0,4.2816
10/12/2012,0,4.282
07/12/2012,0,4.2876
06/12/2012,0,4.286
05/12/2012,0,4.2884
04/12/2012,0,4.2904
03/12/2012,0,4.2904
30/11/2012,0,4.2904
29/11/2012,0,4.2892
28/11/2012,0,4.2868
27/11/2012,0,4.2856
26/11/2012,0,4.2864
23/11/2012,0,4.2832
22/11/2012,0,4.2824
21/11/2012,0,4.2864
20/11/2012,0,4.2848
19/11/2012,0,4.2824
16/11/2012,0,0
15/11/2012,0,0
14/11/2012,0,4.2836
13/11/2012,0,4.2812
12/11/2012,0,4.2824
09/11/2012,0,4.286
08/11/2012,0,4.2876
07/11/2012,0,4.2872
06/11/2012,0,4.2896
05/11/2012,0,4.2888
02/11/2012,0,4.292
01/11/2012,0,4.2988
31/10/2012,0,4.3016
30/10/2012,0,4.294
29/10/2012,0,4.2876
26/10/2012,0,0
25/10/2012,0,4.2888
24/10/2012,0,4.2852
23/10/2012,0,4.2804
22/10/2012,0,4.2788
19/10/2012,0,4.2776
18/10/2012,0,4.2756
17/10/2012,0,4.2752
16/10/2012,0,4.2748
15/10/2012,0,4.2676
12/10/2012,0,4.2628
11/10/2012,0,4.2588
10/10/2012,0,4.2596
09/10/2012,0,4.2484
08/10/2012,0,4.2452
05/10/2012,0,4.2452
04/10/2012,0,4.246
03/10/2012,0,4.244
02/10/2012,0,4.2428
01/10/2012,0,4.242
28/09/2012,0,4.2528
27/09/2012,0,4.242
26/09/2012,0,4.2352
25/09/2012,0,4.2304
24/09/2012,0,4.2252
21/09/2012,0,4.2224
20/09/2012,0,4.2252
19/09/2012,0,4.2352
18/09/2012,0,4.232
17/09/2012,0,4.2336
14/09/2012,0,4.2356
13/09/2012,0,4.24
12/09/2012,0,4.2476
11/09/2012,0,4.2448
10/09/2012,0,4.242
07/09/2012,0,4.25
06/09/2012,0,4.2568
05/09/2012,0,4.2648
04/09/2012,0,4.2756
03/09/2012,0,4.284
31/08/2012,0,4.3064
30/08/2012,0,4.3128
29/08/2012,0,4.3208
28/08/2012,0,4.3192
27/08/2012,0,4.332
24/08/2012,0,4.336
23/08/2012,0,4.3692
22/08/2012,0,0
21/08/2012,0,0
20/08/2012,0,0
17/08/2012,0,0
16/08/2012,0,4.4904
15/08/2012,0,4.46
14/08/2012,0,4.4032
13/08/2012,0,4.276
10/08/2012,0,4.208
09/08/2012,0,4.202
08/08/2012,0,4.1948
07/08/2012,0,4.196
06/08/2012,0,4.19
03/08/2012,0,4.1956
02/08/2012,0,4.1936
01/08/2012,0,4.1872
31/07/2012,0,4.1828
30/07/2012,0,4.1748
27/07/2012,0,4.1644
26/07/2012,0,4.1644
25/07/2012,0,4.1712
24/07/2012,0,4.1708
23/07/2012,0,4.1688
20/07/2012,0,4.1708
19/07/2012,0,4.1728
18/07/2012,0,4.1688
17/07/2012,0,4.1708
16/07/2012,0,4.1748
13/07/2012,0,4.1724
12/07/2012,0,4.1704
11/07/2012,0,4.1648
10/07/2012,0,4.1684
09/07/2012,0,4.158
06/07/2012,0,4.152
05/07/2012,0,4.154
04/07/2012,0,4.156
03/07/2012,0,4.154
02/07/2012,0,4.1544
29/06/2012,0,4.158
28/06/2012,0,4.152
27/06/2012,0,4.1416
26/06/2012,0,4.1416
25/06/2012,0,4.1196
22/06/2012,0,4.1216
21/06/2012,0,4.1216
20/06/2012,0,4.1168
19/06/2012,0,4.1164
18/06/2012,0,4.1084
15/06/2012,0,4.1044
14/06/2012,0,4.114
13/06/2012,0,4.102
12/06/2012,0,4.102
11/06/2012,0,4.0892
08/06/2012,0,4.0792
07/06/2012,0,4.0768
06/06/2012,0,4.082
05/06/2012,0,4.0508
04/06/2012,0,4.0116
01/06/2012,0,3.9964
31/05/2012,0,3.9692
30/05/2012,0,3.9032
29/05/2012,0,3.8652
28/05/2012,0,3.8416
25/05/2012,0,3.8288
24/05/2012,0,3.8284
23/05/2012,0,3.8304
22/05/2012,0,3.824
21/05/2012,0,3.8192
18/05/2012,0,0
17/05/2012,0,0
16/05/2012,0,3.8132
15/05/2012,0,3.808
14/05/2012,0,3.8125
11/05/2012,0,3.8104
10/05/2012,0,3.808
09/05/2012,0,3.8056
08/05/2012,0,3.8068
07/05/2012,0,3.8064
04/05/2012,0,3.8056
03/05/2012,0,3.8064
02/05/2012,0,3.8064
01/05/2012,0,3.8068
30/04/2012,0,3.8044
27/04/2012,0,3.80792
26/04/2012,0,3.8048
25/04/2012,0,3.8068
24/04/2012,0,3.8072
23/04/2012,0,3.8068
20/04/2012,0,3.8072
19/04/2012,0,3.8064
18/04/2012,0,3.8076
17/04/2012,0,3.8084
16/04/2012,0,3.808
13/04/2012,0,3.808
12/04/2012,0,3.8072
11/04/2012,0,3.8068
10/04/2012,0,3.8076
09/04/2012,0,3.80917
06/04/2012,0,0
05/04/2012,0,3.8072
04/04/2012,0,3.808
03/04/2012,0,3.81
02/04/2012,0,3.8092
30/03/2012,0,3.8096
29/03/2012,0,3.8044
28/03/2012,0,3.8076
27/03/2012,0,3.8076
26/03/2012,0,3.8084
23/03/2012,0,0
22/03/2012,0,3.8076
21/03/2012,0,3.8056
20/03/2012,0,3.8092
19/03/2012,0,3.8112
16/03/2012,0,3.8132
15/03/2012,0,3.8128
14/03/2012,0,3.8124
13/03/2012,0,3.8108
12/03/2012,0,3.8104
09/03/2012,0,3.8124
08/03/2012,0,3.8116
07/03/2012,0,3.8128
06/03/2012,0,3.8148
05/03/2012,0,3.8156
02/03/2012,0,3.8192
01/03/2012,0,3.82
29/02/2012,0,3.82
28/02/2012,0,3.8224
27/02/2012,0,3.824
24/02/2012,0,3.8324
23/02/2012,0,3.8304
22/02/2012,0,3.8332
21/02/2012,0,3.846
20/02/2012,0,3.8396
17/02/2012,0,3.8376
16/02/2012,0,3.8376
15/02/2012,0,3.842
14/02/2012,0,3.8472
13/02/2012,0,3.852
10/02/2012,0,3.8824
09/02/2012,0,4.1016
08/02/2012,0,4.1024
07/02/2012,0,4.1032
06/02/2012,0,4.104
03/02/2012,0,4.1072
02/02/2012,0,4.1092
01/02/2012,0,4.112
31/01/2012,0,4.1128
30/01/2012,0,4.1176
27/01/2012,0,4.1256
26/01/2012,0,4.1252
25/01/2012,0,4.1256
24/01/2012,0,4.1312
23/01/2012,0,0
20/01/2012,0,4.1388
19/01/2012,0,4.1432
18/01/2012,0,4.2236
17/01/2012,0,4.6204
16/01/2012,0,4.6212
13/01/2012,0,4.6212
12/01/2012,0,4.6256
11/01/2012,0,4.6316
10/01/2012,0,4.6344
09/01/2012,0,4.6352
06/01/2012,0,4.6368
05/01/2012,0,4.64
04/01/2012,0,4.6404
03/01/2012,0,4.6508
02/01/2012,0,4.6504
30/12/2011,0,4.6556
29/12/2011,0,4.6552
28/12/2011,0,4.6512
27/12/2011,0,4.648
26/12/2011,0,0
23/12/2011,0,4.648
22/12/2011,0,4.6484
21/12/2011,0,4.648
20/12/2011,0,4.646
19/12/2011,0,4.652
16/12/2011,0,4.656
15/12/2011,0,4.6524
14/12/2011,0,4.6572
13/12/2011,0,4.6576
12/12/2011,0,4.6656
09/12/2011,0,4.6676
08/12/2011,0,4.6692
07/12/2011,0,4.6648
06/12/2011,0,4.6804
05/12/2011,0,4.6844
02/12/2011,0,4.6852
01/12/2011,0,4.6892
30/11/2011,0,4.6928
29/11/2011,0,4.6868
28/11/2011,0,4.6928
25/11/2011,0,4.6908
24/11/2011,0,4.692
23/11/2011,0,4.6948
22/11/2011,0,4.698
21/11/2011,0,4.6968
18/11/2011,0,4.6968
17/11/2011,0,4.7008
16/11/2011,0,4.704
15/11/2011,0,4.704
14/11/2011,0,4.718
11/11/2011,0,4.752
10/11/2011,0,5.1744
09/11/2011,0,5.1724
08/11/2011,0,5.1684
07/11/2011,0,5.1744
04/11/2011,0,5.1804
03/11/2011,0,5.1808
02/11/2011,0,5.1828
01/11/2011,0,5.1876
31/10/2011,0,5.1864
28/10/2011,0,5.1912
27/10/2011,0,5.1912
26/10/2011,0,5.1952
25/10/2011,0,5.2072
24/10/2011,0,5.1964
21/10/2011,0,5.2052
20/10/2011,0,5.2156
19/10/2011,0,5.2264
18/10/2011,0,5.244
17/10/2011,0,5.2436
14/10/2011,0,5.2408
13/10/2011,0,5.256
12/10/2011,0,5.2908
11/10/2011,0,5.444
10/10/2011,0,5.45
07/10/2011,0,5.4428
06/10/2011,0,5.4468
05/10/2011,0,5.466
04/10/2011,0,5.4628
03/10/2011,0,5.4548
30/09/2011,0,5.4568
29/09/2011,0,5.4588
28/09/2011,0,5.466
27/09/2011,0,5.458
26/09/2011,0,5.46
23/09/2011,0,5.464
22/09/2011,0,5.482
21/09/2011,0,5.478
20/09/2011,0,5.498
19/09/2011,0,5.502
16/09/2011,0,5.5124
15/09/2011,0,5.512
14/09/2011,0,5.548
13/09/2011,0,5.59
12/09/2011,0,5.596
09/09/2011,0,5.618
08/09/2011,0,6.026
07/09/2011,0,6.028
06/09/2011,0,6.042
05/09/2011,0,6.044
02/09/2011,0,0
01/09/2011,0,0
31/08/2011,0,0
30/08/2011,0,0
29/08/2011,0,0
26/08/2011,0,6.036
25/08/2011,0,6.034
24/08/2011,0,6.044
23/08/2011,0,6.044
22/08/2011,0,6.0388
19/08/2011,0,6.034
18/08/2011,0,6.04
17/08/2011,0,0
16/08/2011,0,6.05
15/08/2011,0,6.058
12/08/2011,0,6.064
11/08/2011,0,6.068
10/08/2011,0,6.096
09/08/2011,0,6.1048
08/08/2011,0,6.13
05/08/2011,0,6.156
04/08/2011,0,6.198
03/08/2011,0,6.258
02/08/2011,0,6.28
01/08/2011,0,6.298
29/07/2011,0,6.32
28/07/2011,0,6.3296
27/07/2011,0,6.3432
26/07/2011,0,6.3504
25/07/2011,0,6.3528
22/07/2011,0,6.332
21/07/2011,0,6.338
20/07/2011,0,6.354
19/07/2011,0,6.374
18/07/2011,0,6.376
15/07/2011,0,6.384
14/07/2011,0,6.382
13/07/2011,0,6.4048
12/07/2011,0,6.406
11/07/2011,0,6.38
08/07/2011,0,6.3708
07/07/2011,0,6.376
06/07/2011,0,6.3868
05/07/2011,0,6.408
04/07/2011,0,6.424
01/07/2011,0,6.438
30/06/2011,0,6.446
29/06/2011,0,0
28/06/2011,0,6.4224
27/06/2011,0,6.424
24/06/2011,0,6.424
23/06/2011,0,6.4312
22/06/2011,0,6.434
21/06/2011,0,6.438
20/06/2011,0,6.434
17/06/2011,0,6.434
16/06/2011,0,6.446
15/06/2011,0,6.456
14/06/2011,0,6.462
13/06/2011,0,6.47
10/06/2011,0,6.47
09/06/2011,0,6.478
08/06/2011,0,6.48
07/06/2011,0,6.4768
06/06/2011,0,6.4768
03/06/2011,0,6.488
02/06/2011,0,0
01/06/2011,0,6.494
31/05/2011,0,6.514
30/05/2011,0,6.506
27/05/2011,0,13.00985
26/05/2011,0,6.512
25/05/2011,0,6.506
24/05/2011,0,6.498
23/05/2011,0,6.488
20/05/2011,0,6.472
19/05/2011,0,6.466
18/05/2011,0,6.478
17/05/2011,0,0
16/05/2011,0,6.484
13/05/2011,0,6.5
12/05/2011,0,6.524
11/05/2011,0,6.536
10/05/2011,0,6.5088
09/05/2011,0,6.51
06/05/2011,0,6.516
05/05/2011,0,6.528
04/05/2011,0,6.516
03/05/2011,0,6.496
02/05/2011,0,6.4952
29/04/2011,0,6.508
28/04/2011,0,6.494
27/04/2011,0,6.494
26/04/2011,0,6.486
25/04/2011,0,6.4808
22/04/2011,0,0
21/04/2011,0,6.478
20/04/2011,0,6.484
19/04/2011,0,6.464
18/04/2011,0,6.43
15/04/2011,0,6.448
14/04/2011,0,6.4944
13/04/2011,0,6.498
12/04/2011,0,6.4952
11/04/2011,0,6.49
08/04/2011,0,6.492
07/04/2011,0,6.494
06/04/2011,0,6.498
05/04/2011,0,6.49
04/04/2011,0,6.4824
01/04/2011,0,6.4832
31/03/2011,0,6.494
30/03/2011,0,6.488
29/03/2011,0,6.4868
28/03/2011,0,6.488
25/03/2011,0,6.4812
24/03/2011,0,6.476
23/03/2011,0,6.476
22/03/2011,0,6.474
21/03/2011,0,6.45
18/03/2011,0,6.44
17/03/2011,0,6.436
16/03/2011,0,6.428
15/03/2011,0,6.414
14/03/2011,0,6.40375
11/03/2011,0,6.3984
10/03/2011,0,6.3608
09/03/2011,0,6.3144
08/03/2011,0,6.309
07/03/2011,0,6.2984
04/03/2011,0,6.2932
03/03/2011,0,6.2752
02/03/2011,0,6.274
01/03/2011,0,6.265
28/02/2011,0,6.2678
25/02/2011,0,6.26
24/02/2011,0,6.26
23/02/2011,0,6.3352
22/02/2011,0,6.2672
21/02/2011,0,6.256
18/02/2011,0,6.256
17/02/2011,0,6.254
16/02/2011,0,6.252
15/02/2011,0,0
14/02/2011,0,6.248
11/02/2011,0,6.2464
10/02/2011,0,6.2434
09/02/2011,0,6.2496
08/02/2011,0,6.24813
07/02/2011,0,6.2542
04/02/2011,0,6.18882
02/02/2011,0,6.19765
01/02/2011,0,6.20706
31/01/2011,0,6.21118
28/01/2011,0,6.17882
27/01/2011,0,6.20353
26/01/2011,0,6.19353
25/01/2011,0,6.19353
24/01/2011,0,6.12294
21/01/2011,0,6.10235
20/01/2011,0,6.09647
19/01/2011,0,6.09412
18/01/2011,0,6.02706
17/01/2011,0,5.87353
14/01/2011,0,5.76706
13/01/2011,0,5.79706
12/01/2011,0,5.79824
11/01/2011,0,5.79765
10/01/2011,0,5.79706
07/01/2011,0,5.79412
06/01/2011,0,5.79529
05/01/2011,0,5.81647
04/01/2011,0,5.81765
03/01/2011,0,5.84588
31/12/2010,0,6.005
30/12/2010,0,5.95118
29/12/2010,0,5.94824
28/12/2010,0,5.89118
27/12/2010,0,5.87824
23/12/2010,0,5.80706
22/12/2010,0,5.78529
21/12/2010,0,5.79471
20/12/2010,0,5.79529
17/12/2010,0,5.79471
16/12/2010,0,5.78588
15/12/2010,0,5.79824
14/12/2010,0,5.79824
13/12/2010,0,5.79588
10/12/2010,0,5.80294
09/12/2010,0,5.80059
08/12/2010,0,5.80765
06/12/2010,0,5.80765
03/12/2010,0,5.80833
02/12/2010,0,5.81157
01/12/2010,0,5.81667
30/11/2010,0,5.83343
29/11/2010,0,5.83827
26/11/2010,0,5.87059
25/11/2010,0,5.86941
24/11/2010,0,5.87059
23/11/2010,0,5.87059
22/11/2010,0,5.87706
19/11/2010,0,5.88118
18/11/2010,0,5.85
16/11/2010,0,5.87
15/11/2010,0,5.89294
12/11/2010,0,5.90471
11/11/2010,0,5.90824
10/11/2010,0,5.91706
09/11/2010,0,5.91353
08/11/2010,0,5.90471
05/11/2010,0,5.90529
04/11/2010,0,5.91529
03/11/2010,0,5.91824
02/11/2010,0,5.93412
01/11/2010,0,5.95529
29/10/2010,0,6.00647
28/10/2010,0,5.97765
27/10/2010,0,5.99824
26/10/2010,0,5.99529
25/10/2010,0,5.99
22/10/2010,0,6.02765
21/10/2010,0,6.04941
20/10/2010,0,6.10059
19/10/2010,0,6.10118
18/10/2010,0,6.14235
15/10/2010,0,6.19118
14/10/2010,0,6.25176
13/10/2010,0,6.27824
12/10/2010,0,6.27529
11/10/2010,0,6.27588
08/10/2010,0,6.27647
07/10/2010,0,6.27529
06/10/2010,0,6.28059
05/10/2010,0,6.27941
04/10/2010,0,6.28353
01/10/2010,0,6.28471
30/09/2010,0,6.29
29/09/2010,0,6.29
28/09/2010,0,6.29
27/09/2010,0,6.29059
24/09/2010,0,6.29235
23/09/2010,0,6.29059
22/09/2010,0,6.28882
21/09/2010,0,6.29471
20/09/2010,0,6.29706
17/09/2010,0,6.29882
16/09/2010,0,6.30353
15/09/2010,0,6.30882
14/09/2010,0,6.30353
08/09/2010,0,6.31471
07/09/2010,0,6.31118
06/09/2010,0,6.31563
03/09/2010,0,6.30412
02/09/2010,0,6.32294
01/09/2010,0,6.32588
31/08/2010,0,6.44824
30/08/2010,0,6.32765
27/08/2010,0,6.32588
26/08/2010,0,6.31765
25/08/2010,0,6.31706
24/08/2010,0,6.31667
23/08/2010,0,6.32118
20/08/2010,0,6.32
19/08/2010,0,6.32353
18/08/2010,0,6.32824
16/08/2010,0,6.33353
13/08/2010,0,6.35471
12/08/2010,0,6.33235
11/08/2010,0,6.32294
10/08/2010,0,6.31941
09/08/2010,0,6.31824
06/08/2010,0,6.32059
05/08/2010,0,6.32706
04/08/2010,0,6.32824
03/08/2010,0,6.32882
02/08/2010,0,6.32765
30/07/2010,0,6.33059
29/07/2010,0,6.32824
28/07/2010,0,6.32471
27/07/2010,0,6.31529
26/07/2010,0,6.31471
23/07/2010,0,6.31118
22/07/2010,0,6.31118
21/07/2010,0,6.30882
20/07/2010,0,6.30588
19/07/2010,0,6.30941
16/07/2010,0,6.31176
15/07/2010,0,6.31235
14/07/2010,0,6.30824
13/07/2010,0,6.31235
12/07/2010,0,6.29235
09/07/2010,0,6.30059
08/07/2010,0,6.29647
07/07/2010,0,6.32235
06/07/2010,0,6.32294
05/07/2010,0,6.32
02/07/2010,0,6.33176
01/07/2010,0,6.34
30/06/2010,0,6.36471
29/06/2010,0,6.40412
25/06/2010,0,6.42235
24/06/2010,0,6.29824
23/06/2010,0,6.29
22/06/2010,0,6.28647
21/06/2010,0,6.27824
18/06/2010,0,6.27529
17/06/2010,0,6.28529
16/06/2010,0,6.34471
15/06/2010,0,6.34353
14/06/2010,0,6.33706
11/06/2010,0,6.34824
10/06/2010,0,6.34412
09/06/2010,0,6.35882
08/06/2010,0,6.36
07/06/2010,0,6.34529
04/06/2010,0,6.36294
03/06/2010,0,6.36176
02/06/2010,0,6.36176
01/06/2010,0,6.36765
31/05/2010,0,6.37176
27/05/2010,0,6.37471
26/05/2010,0,6.38529
25/05/2010,0,6.31118
24/05/2010,0,6.29353
21/05/2010,0,6.28412
20/05/2010,0,6.28412
19/05/2010,0,6.29059
18/05/2010,0,6.28471
17/05/2010,0,6.28294
14/05/2010,0,6.28706
12/05/2010,0,6.29235
11/05/2010,0,6.27765
10/05/2010,0,6.27706
07/05/2010,0,6.29118
06/05/2010,0,6.26412
05/05/2010,0,6.26412
04/05/2010,0,6.26647
03/05/2010,0,6.285
30/04/2010,0,6.26941
29/04/2010,0,6.26235
28/04/2010,0,6.26294
27/04/2010,0,6.26353
26/04/2010,0,6.26824
23/04/2010,0,6.29412
22/04/2010,0,6.29588
21/04/2010,0,6.3
20/04/2010,0,6.31
19/04/2010,0,6.30529
16/04/2010,0,6.30706
15/04/2010,0,6.32647
14/04/2010,0,6.33412
13/04/2010,0,6.33882
12/04/2010,0,6.34
09/04/2010,0,6.34
08/04/2010,0,6.34471
07/04/2010,0,6.34412
06/04/2010,0,6.35118
05/04/2010,0,6.35118
01/04/2010,0,6.36176
31/03/2010,0,6.37059
30/03/2010,0,6.37353
29/03/2010,0,6.37176
26/03/2010,0,6.38118
25/03/2010,0,6.38706
24/03/2010,0,6.38529
23/03/2010,0,6.38706
22/03/2010,0,6.37647
19/03/2010,0,6.37824
18/03/2010,0,6.38118
17/03/2010,0,6.38471
15/03/2010,0,6.38647
12/03/2010,0,6.38412
11/03/2010,0,6.38529
10/03/2010,0,6.38412
09/03/2010,0,6.38529
08/03/2010,0,6.38647
05/03/2010,0,6.38765
04/03/2010,0,6.39235
03/03/2010,0,6.38706
02/03/2010,0,6.39294
01/03/2010,0,6.39412
25/02/2010,0,6.39235
24/02/2010,0,6.39176
23/02/2010,0,6.39471
22/02/2010,0,6.39824
19/02/2010,0,6.39059
18/02/2010,0,6.39235
17/02/2010,0,6.39059
16/02/2010,0,6.39529
15/02/2010,0,6.39765
12/02/2010,0,6.40118
11/02/2010,0,6.38647
10/02/2010,0,6.39824
09/02/2010,0,6.40588
08/02/2010,0,6.41912
05/02/2010,0,6.42176
04/02/2010,0,6.425
03/02/2010,0,6.43676
02/02/2010,0,6.43906
01/02/2010,0,6.43824
29/01/2010,0,6.45294
28/01/2010,0,6.44735
27/01/2010,0,6.45324
26/01/2010,0,6.45324
25/01/2010,0,6.45647
22/01/2010,0,6.42941
21/01/2010,0,6.45471
20/01/2010,0,6.45765
19/01/2010,0,6.45882
18/01/2010,0,6.45882
15/01/2010,0,6.45
14/01/2010,0,6.45
13/01/2010,0,6.45
12/01/2010,0,6.46471
11/01/2010,0,6.45765
08/01/2010,0,6.45765
07/01/2010,0,6.45882
06/01/2010,0,6.46471
05/01/2010,0,6.46765
04/01/2010,0,6.47059
31/12/2009,0,6.49688
30/12/2009,0,6.47941
29/12/2009,0,6.47059
28/12/2009,0,6.47647
24/12/2009,0,6.475
23/12/2009,0,6.47353
22/12/2009,0,6.47647
21/12/2009,0,6.46471
17/12/2009,0,6.46765
16/12/2009,0,6.46471
15/12/2009,0,6.46941
14/12/2009,0,6.47059
11/12/2009,0,6.47059
10/12/2009,0,6.46471
09/12/2009,0,6.47353
08/12/2009,0,6.47941
07/12/2009,0,6.47941
04/12/2009,0,6.47941
03/12/2009,0,6.47941
02/12/2009,0,6.47941
01/12/2009,0,6.48235
30/11/2009,0,6.48529
26/11/2009,0,6.48529
25/11/2009,0,6.47941
24/11/2009,0,6.48529
23/11/2009,0,6.47647
20/11/2009,0,6.47059
19/11/2009,0,6.46765
18/11/2009,0,6.47353
17/11/2009,0,6.47647
16/11/2009,0,6.46765
13/11/2009,0,6.47941
12/11/2009,0,6.46765
11/11/2009,0,6.46765
10/11/2009,0,6.46765
09/11/2009,0,6.46765
06/11/2009,0,6.46471
05/11/2009,0,6.47647
04/11/2009,0,6.47647
03/11/2009,0,6.46765
02/11/2009,0,6.46471
30/10/2009,0,6.46765
29/10/2009,0,6.46471
28/10/2009,0,6.48235
27/10/2009,0,6.47353
26/10/2009,0,6.47647
23/10/2009,0,6.47353
22/10/2009,0,6.47353
21/10/2009,0,6.48529
20/10/2009,0,6.48235
19/10/2009,0,6.50588
16/10/2009,0,6.47353
15/10/2009,0,6.46176
14/10/2009,0,6.45882
13/10/2009,0,6.45882
12/10/2009,0,6.46176
09/10/2009,0,6.46176
08/10/2009,0,6.46176
07/10/2009,0,6.45588
06/10/2009,0,6.46176
05/10/2009,0,6.46176
02/10/2009,0,6.46765
01/10/2009,0,6.47353
30/09/2009,0,6.48235
29/09/2009,0,6.48529
28/09/2009,0,6.48824
25/09/2009,0,6.47647
24/09/2009,0,6.47353
18/09/2009,0,6.52941
17/09/2009,0,6.55
16/09/2009,0,6.45625
15/09/2009,0,6.45
14/09/2009,0,6.44688
11/09/2009,0,6.43529
10/09/2009,0,6.43529
09/09/2009,0,6.44412
08/09/2009,0,6.46765
07/09/2009,0,6.44118
04/09/2009,0,6.44706
03/09/2009,0,6.45588
02/09/2009,0,6.47059
01/09/2009,0,6.46765
31/08/2009,0,6.47059
28/08/2009,0,6.49118
27/08/2009,0,6.54118
26/08/2009,0,6.54706
25/08/2009,0,6.57941
24/08/2009,0,6.58235
21/08/2009,0,6.58529
20/08/2009,0,6.60588
19/08/2009,0,6.61176
18/08/2009,0,6.54118
14/08/2009,0,6.52647
13/08/2009,0,6.52941
12/08/2009,0,6.52647
11/08/2009,0,6.53235
10/08/2009,0,6.53824
07/08/2009,0,6.55
06/08/2009,0,6.58235
05/08/2009,0,6.71389
04/08/2009,0,6.775
03/08/2009,0,6.78529
31/07/2009,0,6.8
30/07/2009,0,6.81176
29/07/2009,0,6.82833
28/07/2009,0,6.82647
27/07/2009,0,6.83235
24/07/2009,0,6.85
23/07/2009,0,6.85
22/07/2009,0,6.85588
21/07/2009,0,6.85882
17/07/2009,0,6.86176
16/07/2009,0,6.86176
15/07/2009,0,6.87353
14/07/2009,0,6.87647
13/07/2009,0,6.87647
10/07/2009,0,6.87647
09/07/2009,0,6.88824
07/07/2009,0,6.89706
06/07/2009,0,6.92941
03/07/2009,0,7
02/07/2009,0,7.01765
01/07/2009,0,7.03235
30/06/2009,0,7.09118
29/06/2009,0,7.1125
26/06/2009,0,7.10294
25/06/2009,0,7.11471
24/06/2009,0,7.12059
23/06/2009,0,7.15882
22/06/2009,0,7.15882
19/06/2009,0,7.18529
18/06/2009,0,7.19118
17/06/2009,0,7.20735
16/06/2009,0,7.21912
15/06/2009,0,7.21324
12/06/2009,0,7.23088
11/06/2009,0,7.23088
10/06/2009,0,7.24265
09/06/2009,0,7.26912
08/06/2009,0,7.26324
05/06/2009,0,7.28382
04/06/2009,0,7.33676
03/06/2009,0,7.52206
02/06/2009,0,7.56618
01/06/2009,0,7.575
29/05/2009,0,7.58382
28/05/2009,0,7.59219
27/05/2009,0,7.59265
26/05/2009,0,7.61324
25/05/2009,0,7.65147
22/05/2009,0,7.64559
20/05/2009,0,7.675
19/05/2009,0,7.67206
18/05/2009,0,7.68824
15/05/2009,0,7.68529
14/05/2009,0,7.68235
13/05/2009,0,7.7
12/05/2009,0,7.70588
11/05/2009,0,7.68235
08/05/2009,0,7.66765
07/05/2009,0,7.67353
06/05/2009,0,7.70588
05/05/2009,0,7.87941
04/05/2009,0,7.90588
01/05/2009,0,7.91765
30/04/2009,0,7.93235
29/04/2009,0,7.92353
28/04/2009,0,7.92059
27/04/2009,0,7.92941
24/04/2009,0,7.93824
23/04/2009,0,7.94118
22/04/2009,0,7.95882
21/04/2009,0,7.95882
20/04/2009,0,7.98824
17/04/2009,0,7.97941
16/04/2009,0,7.96471
15/04/2009,0,8
14/04/2009,0,8.02059
13/04/2009,0,8.06471
08/04/2009,0,8.11765
07/04/2009,0,8.14412
06/04/2009,0,8.11765
03/04/2009,0,8.23529
02/04/2009,0,8.25
01/04/2009,0,8.29412
31/03/2009,0,8.32941
30/03/2009,0,8.32059
27/03/2009,0,8.30588
25/03/2009,0,8.26471
24/03/2009,0,8.27941
23/03/2009,0,8.24706
20/03/2009,0,8.23529
19/03/2009,0,8.20882
18/03/2009,0,8.22353
17/03/2009,0,8.20588
16/03/2009,0,8.21176
13/03/2009,0,8.21176
12/03/2009,0,8.23235
11/03/2009,0,8.23529
10/03/2009,0,8.23088
06/03/2009,0,8.27353
05/03/2009,0,8.22794
04/03/2009,0,8.64118
03/03/2009,0,8.67206
02/03/2009,0,8.65735
27/02/2009,0,8.65147
26/02/2009,0,8.62206
25/02/2009,0,8.61912
24/02/2009,0,8.62059
23/02/2009,0,8.65147
20/02/2009,0,8.65735
19/02/2009,0,8.64559
18/02/2009,0,8.60294
17/02/2009,0,8.58971
16/02/2009,0,8.58676
13/02/2009,0,8.64559
12/02/2009,0,8.64853
11/02/2009,0,8.63676
10/02/2009,0,8.63382
09/02/2009,0,8.65781
06/02/2009,0,8.61875
05/02/2009,0,8.69265
04/02/2009,0,9.07794
03/02/2009,0,9.23125
02/02/2009,0,9.25
30/01/2009,0,9.30147
29/01/2009,0,9.28529
28/01/2009,0,9.32382
27/01/2009,0,9.32206
23/01/2009,0,9.33118
22/01/2009,0,9.34441
21/01/2009,0,9.35765
20/01/2009,0,9.34441
19/01/2009,0,9.31471
16/01/2009,0,9.31806
15/01/2009,0,9.34611
14/01/2009,0,9.35556
13/01/2009,0,9.36944
12/01/2009,0,9.36806
09/01/2009,0,9.39028
08/01/2009,0,9.45167
07/01/2009,0,9.86389
06/01/2009,0,9.925
05/01/2009,0,9.89028
31/12/2008,0,10.00735
30/12/2008,0,9.95139
26/12/2008,0,9.90882
24/12/2008,0,9.90694
23/12/2008,0,9.88889
22/12/2008,0,9.88889
19/12/2008,0,9.88889
18/12/2008,0,9.88333
17/12/2008,0,9.89056
16/12/2008,0,9.91833
15/12/2008,0,9.92556
12/12/2008,0,9.95
11/12/2008,0,9.98056
10/12/2008,0,9.99722
09/12/2008,0,9.97944
05/12/2008,0,10.11806
04/12/2008,0,10.29861
03/12/2008,0,10.29167
02/12/2008,0,10.26389
01/12/2008,0,10.29861
28/11/2008,0,10.3125
27/11/2008,0,10.31806
26/11/2008,0,10.33333
25/11/2008,0,10.30556
24/11/2008,0,10.30556
21/11/2008,0,10.29167
20/11/2008,0,10.29167
19/11/2008,0,10.32639
18/11/2008,0,10.35417
17/11/2008,0,10.29167
14/11/2008,0,10.27778
13/11/2008,0,10.31222
12/11/2008,0,10.32639
11/11/2008,0,10.29028
10/11/2008,0,10.36111
07/11/2008,0,10.35417
06/11/2008,0,10.38194
05/11/2008,0,10.42361
04/11/2008,0,10.47222
03/11/2008,0,10.48611
31/10/2008,0,10.4375
30/10/2008,0,10.45139
29/10/2008,0,10.42361
28/10/2008,0,10.40278
27/10/2008,0,10.40972
24/10/2008,0,10.44861
23/10/2008,0,10.48639
22/10/2008,0,10.50028
21/10/2008,0,10.48611
20/10/2008,0,10.43333
17/10/2008,0,10.45417
16/10/2008,0,10.4125
15/10/2008,0,10.09306
14/10/2008,0,9.99167
13/10/2008,0,10.125
10/10/2008,0,10.2375
09/10/2008,0,10.0625
08/10/2008,0,10.01528
07/10/2008,0,9.78194
06/10/2008,0,9.74861
29/09/2008,0,9.79559
26/09/2008,0,9.99444
25/09/2008,0,10.10556
24/09/2008,0,10.05
23/09/2008,0,9.9375
22/09/2008,0,10.01389
19/09/2008,0,9.74265
18/09/2008,0,9.73333
17/09/2008,0,9.66389
16/09/2008,0,9.60972
15/09/2008,0,9.57639
12/09/2008,0,9.55
11/09/2008,0,9.54722
10/09/2008,0,9.53611
09/09/2008,0,9.53333
08/09/2008,0,9.54583
05/09/2008,0,9.55972
04/09/2008,0,9.47361
03/09/2008,0,9.45417
02/09/2008,0,9.50278
01/09/2008,0,9.47222
29/08/2008,0,9.47778
28/08/2008,0,9.46111
27/08/2008,0,9.46806
26/08/2008,0,9.48971
25/08/2008,0,9.54722
22/08/2008,0,9.5125
21/08/2008,0,9.4875
20/08/2008,0,9.5725
19/08/2008,0,9.5875
15/08/2008,0,9.44583
14/08/2008,0,9.38333
13/08/2008,0,9.28889
12/08/2008,0,9.27917
11/08/2008,0,9.25556
08/08/2008,0,9.24861
07/08/2008,0,9.25556
06/08/2008,0,9.34583
05/08/2008,0,9.22778
04/08/2008,0,9.22806
01/08/2008,0,9.22667
31/07/2008,0,9.24861
29/07/2008,0,9.20722
28/07/2008,0,9.1975
25/07/2008,0,9.20278
24/07/2008,0,9.26972
23/07/2008,0,9.38889
22/07/2008,0,9.39722
21/07/2008,0,9.39722
18/07/2008,0,9.37639
17/07/2008,0,9.34861
16/07/2008,0,9.28472
15/07/2008,0,9.35694
14/07/2008,0,9.22222
11/07/2008,0,9.03056
10/07/2008,0,8.89167
09/07/2008,0,8.86944
08/07/2008,0,8.85833
07/07/2008,0,8.86111
04/07/2008,0,8.85278
03/07/2008,0,8.79444
02/07/2008,0,8.68333
01/07/2008,0,8.66111
30/06/2008,0,8.66944
27/06/2008,0,8.65833
26/06/2008,0,8.67222
25/06/2008,0,8.64444
24/06/2008,0,8.63611
23/06/2008,0,8.64167
20/06/2008,0,8.62778
19/06/2008,0,8.61944
18/06/2008,0,8.60556
17/06/2008,0,8.6
16/06/2008,0,8.60556
13/06/2008,0,8.585
12/06/2008,0,8.59333
11/06/2008,0,8.55556
10/06/2008,0,8.53056
09/06/2008,0,8.51667
06/06/2008,0,8.50556
05/06/2008,0,8.38611
04/06/2008,0,8.38333
03/06/2008,0,8.37639
02/06/2008,0,8.34722
30/05/2008,0,8.3
29/05/2008,0,8.31111
28/05/2008,0,8.32639
27/05/2008,0,8.27222
26/05/2008,0,8.28472
23/05/2008,0,8.33553
22/05/2008,0,8.33194
21/05/2008,0,8.375
19/05/2008,0,8.40278
16/05/2008,0,8.29722
15/05/2008,0,8.20694
14/05/2008,0,8.09722
13/05/2008,0,8.02083
12/05/2008,0,7.96667
09/05/2008,0,7.83529
08/05/2008,0,7.76944
07/05/2008,0,7.75556
06/05/2008,0,7.70833
05/05/2008,0,7.68056
02/05/2008,0,7.67361
30/04/2008,0,7.76944
29/04/2008,0,7.71528
28/04/2008,0,7.70139
25/04/2008,0,7.75
24/04/2008,0,7.72222
23/04/2008,0,8.27083
22/04/2008,0,8.34722
21/04/2008,0,8.375
18/04/2008,0,8.16667
17/04/2008,0,7.95833
16/04/2008,0,7.89167
15/04/2008,0,8.13889
14/04/2008,0,8.05556
11/04/2008,0,7.75556
10/04/2008,0,7.75
09/04/2008,0,7.71667
08/04/2008,0,7.725
07/04/2008,0,7.71111
04/04/2008,0,7.6625
03/04/2008,0,7.50694
02/04/2008,0,7.69444
01/04/2008,0,7.67361
31/03/2008,0,7.875
28/03/2008,0,7.80556
27/03/2008,0,7.44444
26/03/2008,0,8.16667
25/03/2008,0,8.29167
24/03/2008,0,7.88889
19/03/2008,0,8.55556
18/03/2008,0,8.45833
17/03/2008,0,8.23611
14/03/2008,0,8.31618
13/03/2008,0,8.38529
12/03/2008,0,8.34722
11/03/2008,0,8.11111
10/03/2008,0,7.61111
06/03/2008,0,7.58333
05/03/2008,0,7.58333
04/03/2008,0,7.55556
03/03/2008,0,7.51389
29/02/2008,0,7.60294
28/02/2008,0,7.61111
27/02/2008,0,7.58889
26/02/2008,0,7.59722
25/02/2008,0,8.09722
22/02/2008,0,8.06944
21/02/2008,0,8.13889
20/02/2008,0,7.81944
19/02/2008,0,7.55556
18/02/2008,0,7.36111
15/02/2008,0,7.38889
14/02/2008,0,7.45278
13/02/2008,0,7.57736
12/02/2008,0,7.56944
11/02/2008,0,7.55556
08/02/2008,0,7.56944
06/02/2008,0,7.52778
05/02/2008,0,7.09722
04/02/2008,0,7.04167
01/02/2008,0,7.05556
