Dates,US0001W,USSO1Z
01/01/2010,0.21375,0.132
04/01/2010,0.20813,0.132
05/01/2010,0.20813,0.131
06/01/2010,0.20813,0.13
07/01/2010,0.20813,0.125
08/01/2010,0.20813,0.127
11/01/2010,0.2075,0.12
12/01/2010,0.2075,0.125
13/01/2010,0.2075,0.122
14/01/2010,0.2075,0.121
15/01/2010,0.2075,0.137
18/01/2010,0.2075,0.126
19/01/2010,0.2075,0.119
20/01/2010,0.2075,0.138
21/01/2010,0.20875,0.121
22/01/2010,0.20875,0.1385
25/01/2010,0.20875,0.134
26/01/2010,0.20875,0.128
27/01/2010,0.20875,0.127
28/01/2010,0.20625,0.128
29/01/2010,0.20625,0.128
01/02/2010,0.2075,0.1255
02/02/2010,0.20875,0.132
03/02/2010,0.2075,0.136
04/02/2010,0.2075,0.13
05/02/2010,0.20875,0.135
08/02/2010,0.20875,0.138
09/02/2010,0.20875,0.129
10/02/2010,0.2075,0.129
11/02/2010,0.20875,0.126
12/02/2010,0.20875,0.13
15/02/2010,0.2075,0.125
16/02/2010,0.20875,0.13
17/02/2010,0.20875,0.119
18/02/2010,0.20875,0.1305
19/02/2010,0.20875,0.14
22/02/2010,0.2075,0.138
23/02/2010,0.2075,0.132
24/02/2010,0.2075,0.128
25/02/2010,0.2075,0.12
26/02/2010,0.20688,0.117
01/03/2010,0.2075,0.121
02/03/2010,0.2075,0.129
03/03/2010,0.2075,0.138
04/03/2010,0.20813,0.153
05/03/2010,0.20938,0.158
08/03/2010,0.21125,0.16
09/03/2010,0.21125,0.137
10/03/2010,0.21,0.134
11/03/2010,0.21,0.156
12/03/2010,0.21,0.173
15/03/2010,0.21125,0.184
16/03/2010,0.22063,0.192
17/03/2010,0.2275,0.183
18/03/2010,0.22906,0.1995
19/03/2010,0.235,0.193
22/03/2010,0.23469,0.192
23/03/2010,0.23438,0.192
24/03/2010,0.23438,0.198
25/03/2010,0.23375,0.196
26/03/2010,0.235,0.1945
29/03/2010,0.23125,0.196
30/03/2010,0.23388,0.189
31/03/2010,0.23388,0.187
01/04/2010,0.23388,0.194
02/04/2010,0.23388,0.19
05/04/2010,0.23388,0.2
06/04/2010,0.23638,0.201
07/04/2010,0.23763,0.2065
08/04/2010,0.23763,0.2
09/04/2010,0.24013,0.202
12/04/2010,0.24075,0.2
13/04/2010,0.242,0.199
14/04/2010,0.24325,0.203
15/04/2010,0.246,0.1965
16/04/2010,0.24713,0.197
19/04/2010,0.25213,0.195
20/04/2010,0.25588,0.192
21/04/2010,0.25338,0.208
22/04/2010,0.2555,0.21
23/04/2010,0.25625,0.222
26/04/2010,0.25844,0.22
27/04/2010,0.26,0.206
28/04/2010,0.26338,0.209
29/04/2010,0.265,0.212
30/04/2010,0.26625,0.215
03/05/2010,0.26625,0.213
04/05/2010,0.27094,0.218
05/05/2010,0.27625,0.223
06/05/2010,0.27894,0.236
07/05/2010,0.32313,0.237
10/05/2010,0.32188,0.217
11/05/2010,0.31813,0.214
12/05/2010,0.31813,0.205
13/05/2010,0.31625,0.218
14/05/2010,0.315,0.208
17/05/2010,0.31875,0.216
18/05/2010,0.31775,0.203
19/05/2010,0.32025,0.214
20/05/2010,0.32213,0.223
21/05/2010,0.32213,0.215
24/05/2010,0.324,0.2185
25/05/2010,0.33025,0.212
26/05/2010,0.33125,0.207
27/05/2010,0.3325,0.2145
28/05/2010,0.33125,0.223
31/05/2010,0.33125,0.215
01/06/2010,0.33125,0.208
02/06/2010,0.33,0.198
03/06/2010,0.33,0.2
04/06/2010,0.33,0.201
07/06/2010,0.32938,0.199
08/06/2010,0.32938,0.19
09/06/2010,0.32938,0.18
10/06/2010,0.32938,0.18
11/06/2010,0.32938,0.173
14/06/2010,0.32938,0.158
15/06/2010,0.32938,0.174
16/06/2010,0.32938,0.183
17/06/2010,0.32813,0.179
18/06/2010,0.32875,0.18
21/06/2010,0.3275,0.18
22/06/2010,0.32875,0.168
23/06/2010,0.32875,0.178
24/06/2010,0.32875,0.175
25/06/2010,0.32875,0.161
28/06/2010,0.32875,0.181
29/06/2010,0.3275,0.198
30/06/2010,0.32875,0.193
01/07/2010,0.32875,0.195
02/07/2010,0.32875,0.19
05/07/2010,0.3275,0.1895
06/07/2010,0.3275,0.186
07/07/2010,0.325,0.185
08/07/2010,0.32338,0.185
09/07/2010,0.32063,0.18
12/07/2010,0.31813,0.183
13/07/2010,0.31656,0.184
14/07/2010,0.31625,0.184
15/07/2010,0.315,0.189
16/07/2010,0.31375,0.179
19/07/2010,0.31313,0.184
20/07/2010,0.31425,0.183
21/07/2010,0.31094,0.181
22/07/2010,0.311,0.191
23/07/2010,0.30944,0.188
26/07/2010,0.30788,0.185
27/07/2010,0.30475,0.195
28/07/2010,0.30206,0.195
29/07/2010,0.2985,0.18
30/07/2010,0.29313,0.19
02/08/2010,0.28963,0.19
03/08/2010,0.28713,0.188
04/08/2010,0.28438,0.185
05/08/2010,0.283,0.18
06/08/2010,0.28019,0.18
09/08/2010,0.27725,0.179
10/08/2010,0.27313,0.179
11/08/2010,0.26713,0.175
12/08/2010,0.26438,0.178
13/08/2010,0.26206,0.18
16/08/2010,0.25994,0.178
17/08/2010,0.25875,0.19
18/08/2010,0.25875,0.188
19/08/2010,0.25831,0.168
20/08/2010,0.25656,0.184
23/08/2010,0.25656,0.185
24/08/2010,0.25563,0.189
25/08/2010,0.25469,0.185
26/08/2010,0.25281,0.188
27/08/2010,0.25281,0.186
30/08/2010,0.25281,0.19
31/08/2010,0.25281,0.186
01/09/2010,0.25181,0.186
02/09/2010,0.25181,0.177
03/09/2010,0.25181,0.18
06/09/2010,0.25056,0.185
07/09/2010,0.25181,0.185
08/09/2010,0.2515,0.178
09/09/2010,0.2515,0.181
10/09/2010,0.2515,0.183
13/09/2010,0.2515,0.165
14/09/2010,0.2515,0.178
15/09/2010,0.2515,0.183
16/09/2010,0.2515,0.175
17/09/2010,0.2515,0.202
20/09/2010,0.2515,0.195
21/09/2010,0.25025,0.186
22/09/2010,0.25025,0.19
23/09/2010,0.25025,0.204
24/09/2010,0.25025,0.201
27/09/2010,0.25025,0.19
28/09/2010,0.25025,0.188
29/09/2010,0.25025,0.193
30/09/2010,0.25025,0.197
01/10/2010,0.25025,0.197
04/10/2010,0.25025,0.19
05/10/2010,0.25025,0.192
06/10/2010,0.25025,0.1995
07/10/2010,0.25025,0.197
08/10/2010,0.25025,0.19
11/10/2010,0.25025,0.188
12/10/2010,0.25025,0.19
13/10/2010,0.25025,0.193
14/10/2010,0.2515,0.189
15/10/2010,0.2515,0.191
18/10/2010,0.2515,0.195
19/10/2010,0.2515,0.188
20/10/2010,0.2515,0.187
21/10/2010,0.2515,0.1815
22/10/2010,0.2515,0.196
25/10/2010,0.2515,0.19
26/10/2010,0.24981,0.19
27/10/2010,0.24981,0.195
28/10/2010,0.24856,0.19
29/10/2010,0.24841,0.18
01/11/2010,0.24841,0.185
02/11/2010,0.24828,0.185
03/11/2010,0.24828,0.189
04/11/2010,0.24828,0.19
05/11/2010,0.24828,0.193
08/11/2010,0.24828,0.19
09/11/2010,0.24828,0.187
10/11/2010,0.24828,0.181
11/11/2010,0.24828,0.189
12/11/2010,0.24828,0.188
15/11/2010,0.24703,0.19
16/11/2010,0.24828,0.189
17/11/2010,0.24828,0.196
18/11/2010,0.24828,0.204
19/11/2010,0.24953,0.201
22/11/2010,0.24953,0.183
23/11/2010,0.24953,0.183
24/11/2010,0.24953,0.176
25/11/2010,0.25078,0.195
26/11/2010,0.25203,0.195
29/11/2010,0.25203,0.195
30/11/2010,0.25328,0.18
01/12/2010,0.25375,0.2
02/12/2010,0.25375,0.195
03/12/2010,0.255,0.19
06/12/2010,0.255,0.197
07/12/2010,0.255,0.194
08/12/2010,0.255,0.19
09/12/2010,0.25469,0.177
10/12/2010,0.25469,0.17
13/12/2010,0.25344,0.174
14/12/2010,0.25344,0.181
15/12/2010,0.25344,0.18
16/12/2010,0.25344,0.183
17/12/2010,0.25344,0.184
20/12/2010,0.25375,0.186
21/12/2010,0.25375,0.184
22/12/2010,0.25375,0.175
23/12/2010,0.25375,0.148
24/12/2010,0.25438,0.175
27/12/2010,0.25438,0.17
28/12/2010,0.25438,0.145
29/12/2010,0.25438,0.173
30/12/2010,0.25438,0.18
31/12/2010,0.25438,0.182
03/01/2011,0.25438,0.185
04/01/2011,0.25438,0.181
05/01/2011,0.25438,0.177
06/01/2011,0.25438,0.174
07/01/2011,0.25438,0.176
10/01/2011,0.25438,0.185
11/01/2011,0.25438,0.179
12/01/2011,0.25438,0.173
13/01/2011,0.25438,0.161
14/01/2011,0.25438,0.173
17/01/2011,0.25438,0.17
18/01/2011,0.25375,0.178
19/01/2011,0.25375,0.178
20/01/2011,0.25375,0.17
21/01/2011,0.25375,0.17
24/01/2011,0.25375,0.1745
25/01/2011,0.25375,0.162
26/01/2011,0.25375,0.159
27/01/2011,0.25375,0.149
28/01/2011,0.25375,0.197
31/01/2011,0.25375,0.169
01/02/2011,0.253,0.17
02/02/2011,0.252,0.168
03/02/2011,0.253,0.164
04/02/2011,0.253,0.169
07/02/2011,0.253,0.169
08/02/2011,0.2525,0.167
09/02/2011,0.2525,0.161
10/02/2011,0.2525,0.161
11/02/2011,0.2525,0.159
14/02/2011,0.2515,0.153
15/02/2011,0.2515,0.1565
16/02/2011,0.2515,0.144
17/02/2011,0.251,0.156
18/02/2011,0.251,0.161
21/02/2011,0.251,0.155
22/02/2011,0.2505,0.16
23/02/2011,0.2505,0.165
24/02/2011,0.2505,0.1975
25/02/2011,0.2505,0.165
28/02/2011,0.2495,0.165
01/03/2011,0.2495,0.165
02/03/2011,0.2485,0.16
03/03/2011,0.2475,0.17
04/03/2011,0.247,0.155
07/03/2011,0.2455,0.155
08/03/2011,0.2455,0.15
09/03/2011,0.2454,0.15
10/03/2011,0.2439,0.135
11/03/2011,0.2434,0.14
14/03/2011,0.2432,0.136
15/03/2011,0.24295,0.146
16/03/2011,0.24195,0.14
17/03/2011,0.2397,0.14
18/03/2011,0.2387,0.145
21/03/2011,0.2377,0.145
22/03/2011,0.2347,0.143
23/03/2011,0.2337,0.135
24/03/2011,0.2325,0.128
25/03/2011,0.23025,0.128
28/03/2011,0.228,0.13
29/03/2011,0.227,0.125
30/03/2011,0.2243,0.122
31/03/2011,0.2238,0.124
01/04/2011,0.2233,0.119
04/04/2011,0.2185,0.106
05/04/2011,0.21225,0.108
06/04/2011,0.20825,0.11
07/04/2011,0.2032,0.109
08/04/2011,0.1995,0.106
11/04/2011,0.19625,0.099
12/04/2011,0.19105,0.099
13/04/2011,0.1885,0.101
14/04/2011,0.1835,0.112
15/04/2011,0.1808,0.113
18/04/2011,0.1802,0.099
19/04/2011,0.1801,0.1
20/04/2011,0.1806,0.106
21/04/2011,0.18035,0.116
22/04/2011,0.18035,0.1
25/04/2011,0.18035,0.111
26/04/2011,0.1801,0.109
27/04/2011,0.17885,0.098
28/04/2011,0.1775,0.1
29/04/2011,0.1775,0.1
02/05/2011,0.1775,0.099
03/05/2011,0.1765,0.096
04/05/2011,0.1755,0.094
05/05/2011,0.1737,0.1
06/05/2011,0.17185,0.098
09/05/2011,0.17075,0.095
10/05/2011,0.1694,0.095
11/05/2011,0.16915,0.095
12/05/2011,0.16855,0.095
13/05/2011,0.16845,0.095
16/05/2011,0.16835,0.097
17/05/2011,0.16735,0.095
18/05/2011,0.16585,0.088
19/05/2011,0.16575,0.093
20/05/2011,0.1654,0.09
23/05/2011,0.16465,0.093
24/05/2011,0.16365,0.099
25/05/2011,0.1633,0.1
26/05/2011,0.1638,0.093
27/05/2011,0.1628,0.095
30/05/2011,0.1628,0.099
31/05/2011,0.1627,0.103
01/06/2011,0.1627,0.1
02/06/2011,0.1627,0.103
03/06/2011,0.1627,0.094
06/06/2011,0.1627,0.104
07/06/2011,0.1627,0.098
08/06/2011,0.1627,0.091
09/06/2011,0.1627,0.093
10/06/2011,0.1627,0.092
13/06/2011,0.1612,0.091
14/06/2011,0.16095,0.1
15/06/2011,0.16095,0.113
16/06/2011,0.16125,0.107
17/06/2011,0.16125,0.104
20/06/2011,0.16075,0.11
21/06/2011,0.16075,0.103
22/06/2011,0.16075,0.09
23/06/2011,0.16075,0.092
24/06/2011,0.16075,0.093
27/06/2011,0.16075,0.083
28/06/2011,0.16075,0.096
29/06/2011,0.16075,0.097
30/06/2011,0.16075,0.1
01/07/2011,0.16075,0.094
04/07/2011,0.16075,0.094
05/07/2011,0.16075,0.092
06/07/2011,0.16075,0.088
07/07/2011,0.16075,0.086
08/07/2011,0.16075,0.083
11/07/2011,0.16075,0.085
12/07/2011,0.16075,0.08
13/07/2011,0.16075,0.076
14/07/2011,0.15975,0.073
15/07/2011,0.1595,0.074
18/07/2011,0.1595,0.069
19/07/2011,0.1595,0.075
20/07/2011,0.1585,0.063
21/07/2011,0.1585,0.059
22/07/2011,0.1585,0.052
25/07/2011,0.1585,0.067
26/07/2011,0.1585,0.078
27/07/2011,0.1585,0.095
28/07/2011,0.159,0.075
29/07/2011,0.1626,0.1
01/08/2011,0.16344,0.121
02/08/2011,0.1775,0.117
03/08/2011,0.18556,0.115
04/08/2011,0.18,0.079
05/08/2011,0.17722,0.078
08/08/2011,0.17667,0.072
09/08/2011,0.17889,0.08
10/08/2011,0.17556,0.093
11/08/2011,0.17778,0.095
12/08/2011,0.17811,0.103
15/08/2011,0.17989,0.105
16/08/2011,0.17989,0.099
17/08/2011,0.18044,0.0905
18/08/2011,0.18044,0.092
19/08/2011,0.18044,0.089
22/08/2011,0.18194,0.094
23/08/2011,0.18417,0.094
24/08/2011,0.185,0.094
25/08/2011,0.18667,0.087
26/08/2011,0.18556,0.085
29/08/2011,0.18556,0.085
30/08/2011,0.18667,0.09
31/08/2011,0.18667,0.087
01/09/2011,0.18556,0.115
02/09/2011,0.18556,0.098
05/09/2011,0.18678,0.093
06/09/2011,0.18689,0.09
07/09/2011,0.18689,0.09
08/09/2011,0.18578,0.094
09/09/2011,0.18689,0.08
12/09/2011,0.18689,0.09
13/09/2011,0.18689,0.103
14/09/2011,0.18689,0.089
15/09/2011,0.18744,0.068
16/09/2011,0.188,0.073
19/09/2011,0.188,0.076
20/09/2011,0.188,0.078
21/09/2011,0.18856,0.087
22/09/2011,0.18939,0.101
23/09/2011,0.19078,0.094
26/09/2011,0.19133,0.093
27/09/2011,0.19256,0.096
28/09/2011,0.19283,0.092
29/09/2011,0.192,0.091
30/09/2011,0.19089,0.091
03/10/2011,0.19144,0.091
04/10/2011,0.19144,0.088
05/10/2011,0.19144,0.083
06/10/2011,0.19133,0.0825
07/10/2011,0.19133,0.085
10/10/2011,0.19133,0.08
11/10/2011,0.19133,0.073
12/10/2011,0.19133,0.077
13/10/2011,0.18967,0.074
14/10/2011,0.18967,0.077
17/10/2011,0.18967,0.085
18/10/2011,0.18967,0.0775
19/10/2011,0.18967,0.079
20/10/2011,0.18967,0.076
21/10/2011,0.19189,0.078
24/10/2011,0.19189,0.075
25/10/2011,0.19189,0.0745
26/10/2011,0.19189,0.0725
27/10/2011,0.18967,0.08
28/10/2011,0.18967,0.078
31/10/2011,0.18967,0.0795
01/11/2011,0.18967,0.082
02/11/2011,0.18967,0.082
03/11/2011,0.19189,0.081
04/11/2011,0.19078,0.081
07/11/2011,0.19078,0.082
08/11/2011,0.19078,0.082
09/11/2011,0.19078,0.082
10/11/2011,0.19078,0.0805
11/11/2011,0.19078,0.086
14/11/2011,0.19078,0.085
15/11/2011,0.19189,0.084
16/11/2011,0.19189,0.09
17/11/2011,0.19217,0.087
18/11/2011,0.19328,0.085
21/11/2011,0.19228,0.0855
22/11/2011,0.1945,0.09
23/11/2011,0.1945,0.09
24/11/2011,0.1945,0.09
25/11/2011,0.19561,0.094
28/11/2011,0.19644,0.0825
29/11/2011,0.19506,0.085
30/11/2011,0.19506,0.085
01/12/2011,0.19506,0.085
02/12/2011,0.19506,0.0865
05/12/2011,0.20015,0.086
06/12/2011,0.20015,0.086
07/12/2011,0.20015,0.085
08/12/2011,0.20015,0.084
09/12/2011,0.20015,0.082
12/12/2011,0.20015,0.081
13/12/2011,0.20015,0.077
14/12/2011,0.20015,0.076
15/12/2011,0.20025,0.076
16/12/2011,0.2005,0.079
19/12/2011,0.2015,0.074
20/12/2011,0.202,0.074
21/12/2011,0.2025,0.073
22/12/2011,0.215,0.067
23/12/2011,0.216,0.066
26/12/2011,0.216,0.066
27/12/2011,0.216,0.066
28/12/2011,0.2135,0.068
29/12/2011,0.2092,0.077
30/12/2011,0.2082,0.075
02/01/2012,0.2082,0.075
03/01/2012,0.2082,0.0775
04/01/2012,0.2072,0.075
05/01/2012,0.2062,0.071
06/01/2012,0.2062,0.07
09/01/2012,0.2062,0.073
10/01/2012,0.2042,0.0715
11/01/2012,0.2042,0.087
12/01/2012,0.2037,0.084
13/01/2012,0.2015,0.0765
16/01/2012,0.2005,0.086
17/01/2012,0.1999,0.08
18/01/2012,0.1998,0.09
19/01/2012,0.1988,0.086
20/01/2012,0.1977,0.0895
23/01/2012,0.1997,0.094
24/01/2012,0.1997,0.095
25/01/2012,0.1982,0.094
26/01/2012,0.1975,0.087
27/01/2012,0.1975,0.088
30/01/2012,0.1965,0.0825
31/01/2012,0.1965,0.089
01/02/2012,0.1952,0.095
02/02/2012,0.1955,0.098
03/02/2012,0.1955,0.105
06/02/2012,0.1955,0.108
07/02/2012,0.195,0.106
08/02/2012,0.194,0.1095
09/02/2012,0.1922,0.115
10/02/2012,0.1912,0.124
13/02/2012,0.1912,0.125
14/02/2012,0.1912,0.129
15/02/2012,0.1912,0.1255
16/02/2012,0.1907,0.115
17/02/2012,0.1887,0.1145
20/02/2012,0.1887,0.095
21/02/2012,0.1897,0.103
22/02/2012,0.1897,0.1
23/02/2012,0.1897,0.082
24/02/2012,0.1897,0.104
27/02/2012,0.1887,0.108
28/02/2012,0.1887,0.1105
29/02/2012,0.1887,0.11
01/03/2012,0.1887,0.11
02/03/2012,0.1886,0.105
05/03/2012,0.1886,0.1095
06/03/2012,0.1886,0.11
07/03/2012,0.1886,0.111
08/03/2012,0.1886,0.115
09/03/2012,0.1886,0.118
12/03/2012,0.1886,0.121
13/03/2012,0.1877,0.125
14/03/2012,0.1877,0.1205
15/03/2012,0.1882,0.134
16/03/2012,0.1882,0.135
19/03/2012,0.1882,0.133
20/03/2012,0.1897,0.145
21/03/2012,0.1902,0.144
22/03/2012,0.1902,0.138
23/03/2012,0.1902,0.1425
26/03/2012,0.1912,0.141
27/03/2012,0.1912,0.1295
28/03/2012,0.1915,0.121
29/03/2012,0.1912,0.127
30/03/2012,0.1912,0.121
02/04/2012,0.1902,0.13
03/04/2012,0.1902,0.141
04/04/2012,0.1902,0.139
05/04/2012,0.1902,0.1305
06/04/2012,0.1902,0.1305
09/04/2012,0.1902,0.1305
10/04/2012,0.1892,0.141
11/04/2012,0.1892,0.135
12/04/2012,0.1892,0.144
13/04/2012,0.1887,0.138
16/04/2012,0.1887,0.146
17/04/2012,0.1887,0.156
18/04/2012,0.1887,0.138
19/04/2012,0.1887,0.138
20/04/2012,0.1907,0.121
23/04/2012,0.1907,0.125
24/04/2012,0.1906,0.1295
25/04/2012,0.1906,0.13
26/04/2012,0.1906,0.135
27/04/2012,0.1906,0.135
30/04/2012,0.1906,0.137
01/05/2012,0.1906,0.141
02/05/2012,0.1886,0.141
03/05/2012,0.1896,0.143
04/05/2012,0.1896,0.145
07/05/2012,0.1896,0.141
08/05/2012,0.1896,0.148
09/05/2012,0.1886,0.152
10/05/2012,0.1896,0.15
11/05/2012,0.1896,0.153
14/05/2012,0.1901,0.155
15/05/2012,0.1901,0.16
16/05/2012,0.1911,0.1595
17/05/2012,0.1911,0.166
18/05/2012,0.1911,0.1615
21/05/2012,0.1916,0.159
22/05/2012,0.1916,0.164
23/05/2012,0.1916,0.153
24/05/2012,0.1916,0.155
25/05/2012,0.1906,0.152
28/05/2012,0.1906,0.15
29/05/2012,0.1916,0.156
30/05/2012,0.1916,0.158
31/05/2012,0.1916,0.152
01/06/2012,0.1921,0.154
04/06/2012,0.1921,0.16
05/06/2012,0.1921,0.16
06/06/2012,0.1921,0.159
07/06/2012,0.1921,0.157
08/06/2012,0.1926,0.157
11/06/2012,0.1926,0.166
12/06/2012,0.1926,0.172
13/06/2012,0.1936,0.1675
14/06/2012,0.1956,0.166
15/06/2012,0.1956,0.164
18/06/2012,0.1956,0.16
19/06/2012,0.1966,0.162
20/06/2012,0.1966,0.1615
21/06/2012,0.1961,0.1535
22/06/2012,0.1961,0.166
25/06/2012,0.1961,0.168
26/06/2012,0.1961,0.158
27/06/2012,0.195,0.16
28/06/2012,0.1951,0.173
29/06/2012,0.1961,0.173
02/07/2012,0.1961,0.173
03/07/2012,0.1981,0.174
04/07/2012,0.1996,0.176
05/07/2012,0.1996,0.171
06/07/2012,0.2006,0.165
09/07/2012,0.1996,0.1635
10/07/2012,0.1996,0.166
11/07/2012,0.1996,0.165
12/07/2012,0.1996,0.165
13/07/2012,0.1996,0.162
16/07/2012,0.1996,0.164
17/07/2012,0.1996,0.1665
18/07/2012,0.1996,0.165
19/07/2012,0.1996,0.155
20/07/2012,0.1991,0.1475
23/07/2012,0.1991,0.1405
24/07/2012,0.1971,0.15
25/07/2012,0.197,0.151
26/07/2012,0.199,0.15
27/07/2012,0.199,0.151
30/07/2012,0.195,0.1405
31/07/2012,0.1965,0.142
01/08/2012,0.1955,0.146
02/08/2012,0.195,0.147
03/08/2012,0.1935,0.145
06/08/2012,0.193,0.145
07/08/2012,0.19,0.143
08/08/2012,0.1875,0.144
09/08/2012,0.1855,0.146
10/08/2012,0.1855,0.1445
13/08/2012,0.1855,0.1465
14/08/2012,0.1865,0.143
15/08/2012,0.1865,0.14
16/08/2012,0.1865,0.14
17/08/2012,0.1865,0.14
20/08/2012,0.186,0.137
21/08/2012,0.186,0.136
22/08/2012,0.185,0.1395
23/08/2012,0.186,0.149
24/08/2012,0.185,0.134
27/08/2012,0.185,0.134
28/08/2012,0.186,0.145
29/08/2012,0.185,0.145
30/08/2012,0.184,0.136
31/08/2012,0.184,0.136
03/09/2012,0.183,0.135
04/09/2012,0.182,0.13
05/09/2012,0.183,0.138
06/09/2012,0.187,0.145
07/09/2012,0.187,0.145
10/09/2012,0.1865,0.14
11/09/2012,0.1865,0.136
12/09/2012,0.1855,0.1335
13/09/2012,0.18475,0.14
14/09/2012,0.18425,0.148
17/09/2012,0.18425,0.144
18/09/2012,0.18375,0.145
19/09/2012,0.18375,0.144
20/09/2012,0.18275,0.136
21/09/2012,0.18175,0.141
24/09/2012,0.18175,0.13
25/09/2012,0.1815,0.135
26/09/2012,0.18125,0.136
27/09/2012,0.18125,0.1485
28/09/2012,0.181,0.1385
01/10/2012,0.181,0.148
02/10/2012,0.183,0.146
03/10/2012,0.181,0.146
04/10/2012,0.1815,0.153
05/10/2012,0.179,0.153
08/10/2012,0.179,0.1495
09/10/2012,0.178,0.152
10/10/2012,0.18,0.1515
11/10/2012,0.181,0.161
12/10/2012,0.181,0.154
15/10/2012,0.182,0.159
16/10/2012,0.18,0.16
17/10/2012,0.18,0.16
18/10/2012,0.181,0.151
19/10/2012,0.178,0.1475
22/10/2012,0.178,0.147
23/10/2012,0.177,0.15
24/10/2012,0.1777,0.153
25/10/2012,0.1767,0.164
26/10/2012,0.1767,0.157
29/10/2012,0.1797,0.175
30/10/2012,0.1797,0.175
31/10/2012,0.1787,0.175
01/11/2012,0.1767,0.175
02/11/2012,0.1777,0.175
05/11/2012,0.1787,0.163
06/11/2012,0.1782,0.16
07/11/2012,0.1802,0.165
08/11/2012,0.1782,0.161
09/11/2012,0.1792,0.161
12/11/2012,0.1797,0.16
13/11/2012,0.1782,0.1615
14/11/2012,0.1802,0.1625
15/11/2012,0.1802,0.1605
16/11/2012,0.1772,0.1615
19/11/2012,0.1802,0.165
20/11/2012,0.1802,0.1615
21/11/2012,0.1802,0.161
22/11/2012,0.1792,0.16
23/11/2012,0.1812,0.163
26/11/2012,0.1832,0.1625
27/11/2012,0.1862,0.1655
28/11/2012,0.1862,0.165
29/11/2012,0.1872,0.1575
30/11/2012,0.1852,0.17
03/12/2012,0.1852,0.1605
04/12/2012,0.1852,0.159
05/12/2012,0.1852,0.165
06/12/2012,0.1862,0.16
07/12/2012,0.1862,0.1595
10/12/2012,0.1872,0.1595
11/12/2012,0.1842,0.1595
12/12/2012,0.1832,0.155
13/12/2012,0.1832,0.1585
14/12/2012,0.1832,0.158
17/12/2012,0.1852,0.155
18/12/2012,0.1852,0.16
19/12/2012,0.1862,0.1655
20/12/2012,0.1882,0.173
21/12/2012,0.1902,0.16
24/12/2012,0.1922,0.16
25/12/2012,0.1922,0.16
26/12/2012,0.1922,0.16
27/12/2012,0.1997,0.16
28/12/2012,0.1942,0.16
31/12/2012,0.1927,0.16
01/01/2013,0.1927,0.16
02/01/2013,0.1912,0.16
03/01/2013,0.1857,0.161
04/01/2013,0.1847,0.161
07/01/2013,0.1847,0.159
08/01/2013,0.1832,0.16
09/01/2013,0.1832,0.1525
10/01/2013,0.1817,0.146
11/01/2013,0.1797,0.1505
14/01/2013,0.1797,0.151
15/01/2013,0.1807,0.15
16/01/2013,0.1807,0.1475
17/01/2013,0.1767,0.145
18/01/2013,0.1767,0.144
21/01/2013,0.1777,0.1455
22/01/2013,0.1767,0.1335
23/01/2013,0.1757,0.1375
24/01/2013,0.1742,0.135
25/01/2013,0.1767,0.135
28/01/2013,0.1777,0.138
29/01/2013,0.1757,0.132
30/01/2013,0.1737,0.135
31/01/2013,0.1717,0.1335
01/02/2013,0.1727,0.137
04/02/2013,0.1727,0.1325
05/02/2013,0.1727,0.13
06/02/2013,0.1722,0.135
07/02/2013,0.1727,0.1385
08/02/2013,0.1732,0.135
11/02/2013,0.1727,0.142
12/02/2013,0.1717,0.14
13/02/2013,0.1717,0.144
14/02/2013,0.1737,0.1465
15/02/2013,0.1757,0.1465
18/02/2013,0.1747,0.155
19/02/2013,0.1747,0.1525
20/02/2013,0.1737,0.1455
21/02/2013,0.1727,0.151
22/02/2013,0.1732,0.1545
25/02/2013,0.1747,0.157
26/02/2013,0.1732,0.1605
27/02/2013,0.1727,0.15
28/02/2013,0.1717,0.152
01/03/2013,0.1707,0.1475
04/03/2013,0.1717,0.15
05/03/2013,0.1707,0.154
06/03/2013,0.1707,0.1545
07/03/2013,0.1717,0.161
08/03/2013,0.1717,0.1535
11/03/2013,0.1727,0.152
12/03/2013,0.1727,0.1475
13/03/2013,0.1727,0.1405
14/03/2013,0.1717,0.142
15/03/2013,0.1717,0.145
18/03/2013,0.1727,0.152
19/03/2013,0.1747,0.151
20/03/2013,0.1737,0.1465
21/03/2013,0.1752,0.148
22/03/2013,0.1752,0.151
25/03/2013,0.1752,0.15
26/03/2013,0.1762,0.1325
27/03/2013,0.1752,0.142
28/03/2013,0.1752,0.144
29/03/2013,0.1752,0.144
01/04/2013,0.1752,0.144
02/04/2013,0.1752,0.145
03/04/2013,0.1712,0.1435
04/04/2013,0.1712,0.142
05/04/2013,0.1712,0.1385
08/04/2013,0.1717,0.1415
09/04/2013,0.1727,0.141
10/04/2013,0.1727,0.138
11/04/2013,0.1742,0.1405
12/04/2013,0.1752,0.136
15/04/2013,0.1752,0.1365
16/04/2013,0.1742,0.1365
17/04/2013,0.1747,0.1365
18/04/2013,0.1747,0.136
19/04/2013,0.1737,0.1385
22/04/2013,0.1717,0.14
23/04/2013,0.1717,0.1325
24/04/2013,0.1697,0.135
25/04/2013,0.1692,0.1265
26/04/2013,0.1692,0.1295
29/04/2013,0.1682,0.123
30/04/2013,0.1667,0.1225
01/05/2013,0.1667,0.1225
02/05/2013,0.1677,0.1265
03/05/2013,0.1672,0.13
06/05/2013,0.1672,0.1255
07/05/2013,0.1672,0.125
08/05/2013,0.1677,0.1245
09/05/2013,0.1672,0.125
10/05/2013,0.1647,0.121
13/05/2013,0.1652,0.125
14/05/2013,0.1652,0.123
15/05/2013,0.1652,0.117
16/05/2013,0.1652,0.116
17/05/2013,0.16371,0.12
20/05/2013,0.16391,0.1125
21/05/2013,0.16371,0.1
22/05/2013,0.16271,0.091
23/05/2013,0.16071,0.1085
24/05/2013,0.15921,0.1
27/05/2013,0.15921,0.1
28/05/2013,0.15921,0.1
29/05/2013,0.15971,0.1
30/05/2013,0.15951,0.1
31/05/2013,0.15901,0.105
03/06/2013,0.15851,0.1055
04/06/2013,0.15851,0.105
05/06/2013,0.15851,0.105
06/06/2013,0.15851,0.1
07/06/2013,0.15851,0.095
10/06/2013,0.15851,0.1
11/06/2013,0.15851,0.099
12/06/2013,0.15951,0.0935
13/06/2013,0.15901,0.0935
14/06/2013,0.15901,0.091
17/06/2013,0.15901,0.096
18/06/2013,0.15981,0.0965
19/06/2013,0.15981,0.102
20/06/2013,0.15901,0.104
21/06/2013,0.16001,0.1015
24/06/2013,0.16251,0.114
25/06/2013,0.16071,0.112
26/06/2013,0.16371,0.098
27/06/2013,0.16051,0.1125
28/06/2013,0.16073,0.106
01/07/2013,0.16073,0.104
02/07/2013,0.15923,0.0995
03/07/2013,0.15923,0.1015
04/07/2013,0.15953,0.102
05/07/2013,0.16003,0.104
08/07/2013,0.15873,0.1005
09/07/2013,0.15823,0.102
10/07/2013,0.15773,0.103
11/07/2013,0.15883,0.099
12/07/2013,0.15823,0.0965
15/07/2013,0.15773,0.098
16/07/2013,0.15673,0.098
17/07/2013,0.15673,0.0965
18/07/2013,0.15673,0.0985
19/07/2013,0.15423,0.095
22/07/2013,0.15373,0.0935
23/07/2013,0.15373,0.0925
24/07/2013,0.15423,0.095
25/07/2013,0.15152,0.095
26/07/2013,0.1515,0.095
29/07/2013,0.15217,0.096
30/07/2013,0.15083,0.0975
31/07/2013,0.15033,0.098
01/08/2013,0.15033,0.095
02/08/2013,0.15033,0.0915
05/08/2013,0.15033,0.0915
06/08/2013,0.15033,0.09
07/08/2013,0.14983,0.093
08/08/2013,0.151,0.093
09/08/2013,0.15033,0.093
12/08/2013,0.14983,0.091
13/08/2013,0.14983,0.094
14/08/2013,0.14983,0.092
15/08/2013,0.14883,0.0925
16/08/2013,0.14883,0.0915
19/08/2013,0.14833,0.09
20/08/2013,0.14883,0.084
21/08/2013,0.14883,0.084
22/08/2013,0.14833,0.0925
23/08/2013,0.14833,0.0905
26/08/2013,0.14833,0.089
27/08/2013,0.14833,0.09
28/08/2013,0.14833,0.078
29/08/2013,0.14883,0.09
30/08/2013,0.14783,0.08
02/09/2013,0.14783,0.09
03/09/2013,0.14783,0.0865
04/09/2013,0.14783,0.085
05/09/2013,0.14797,0.0885
06/09/2013,0.14747,0.0865
09/09/2013,0.14837,0.0855
10/09/2013,0.14747,0.0855
11/09/2013,0.14547,0.087
12/09/2013,0.14607,0.086
13/09/2013,0.14297,0.082
16/09/2013,0.14185,0.083
17/09/2013,0.14,0.081
18/09/2013,0.14,0.086
19/09/2013,0.1395,0.085
20/09/2013,0.14015,0.0835
23/09/2013,0.14,0.085
24/09/2013,0.1395,0.085
25/09/2013,0.1395,0.085
26/09/2013,0.1395,0.0855
27/09/2013,0.1394,0.0915
30/09/2013,0.1392,0.088
01/10/2013,0.138,0.0925
02/10/2013,0.1366,0.0885
03/10/2013,0.13555,0.0945
04/10/2013,0.13525,0.097
07/10/2013,0.1371,0.103
08/10/2013,0.13765,0.1195
09/10/2013,0.1393,0.1225
10/10/2013,0.1388,0.099
11/10/2013,0.1395,0.101
14/10/2013,0.1419,0.108
15/10/2013,0.1394,0.1065
16/10/2013,0.13925,0.104
17/10/2013,0.1358,0.0975
18/10/2013,0.13575,0.094
21/10/2013,0.1374,0.088
22/10/2013,0.13785,0.0865
23/10/2013,0.1389,0.085
24/10/2013,0.133,0.0845
25/10/2013,0.1335,0.0855
28/10/2013,0.1358,0.085
29/10/2013,0.1348,0.087
30/10/2013,0.13235,0.087
31/10/2013,0.13025,0.087
01/11/2013,0.1304,0.087
04/11/2013,0.13255,0.083
05/11/2013,0.1328,0.0845
06/11/2013,0.12725,0.083
07/11/2013,0.12715,0.086
08/11/2013,0.12715,0.085
11/11/2013,0.1313,0.0795
12/11/2013,0.1265,0.083
13/11/2013,0.1275,0.0835
14/11/2013,0.1275,0.084
15/11/2013,0.12925,0.0825
18/11/2013,0.13025,0.0805
19/11/2013,0.129,0.0855
20/11/2013,0.129,0.0855
21/11/2013,0.12875,0.085
22/11/2013,0.12875,0.086
25/11/2013,0.12825,0.0795
26/11/2013,0.13015,0.08
27/11/2013,0.13195,0.0915
28/11/2013,0.12965,0.089
29/11/2013,0.1279,0.087
02/12/2013,0.1265,0.0822
03/12/2013,0.127,0.0867
04/12/2013,0.12735,0.0902
05/12/2013,0.1279,0.0887
06/12/2013,0.1276,0.0887
09/12/2013,0.1265,0.0905
10/12/2013,0.1272,0.0905
11/12/2013,0.12895,0.091
12/12/2013,0.12615,0.0875
13/12/2013,0.12625,0.086
16/12/2013,0.12425,0.084
17/12/2013,0.1245,0.086
18/12/2013,0.1274,0.0897
19/12/2013,0.12675,0.092
20/12/2013,0.12675,0.092
23/12/2013,0.129,0.0765
24/12/2013,0.13055,0.085
25/12/2013,0.13055,0.077
26/12/2013,0.13055,0.077
27/12/2013,0.1281,0.074
30/12/2013,0.12805,0.074
31/12/2013,0.1293,0.085
01/01/2014,0.1293,0.085
02/01/2014,0.1293,0.0865
03/01/2014,0.12445,0.0835
06/01/2014,0.1225,0.086
07/01/2014,0.1262,0.08
08/01/2014,0.12205,0.0815
09/01/2014,0.12395,0.08
10/01/2014,0.1215,0.084
13/01/2014,0.12575,0.081
14/01/2014,0.1249,0.077
15/01/2014,0.11925,0.077
16/01/2014,0.11825,0.0735
17/01/2014,0.11995,0.073
20/01/2014,0.118,0.0665
21/01/2014,0.12,0.073
22/01/2014,0.118,0.0735
23/01/2014,0.12105,0.0735
24/01/2014,0.11775,0.0735
27/01/2014,0.118,0.076
28/01/2014,0.122,0.073
29/01/2014,0.12495,0.0765
30/01/2014,0.1239,0.0765
31/01/2014,0.12215,0.0727
03/02/2014,0.12075,0.0775
04/02/2014,0.11985,0.078
05/02/2014,0.11975,0.0765
06/02/2014,0.11925,0.081
07/02/2014,0.12175,0.0775
10/02/2014,0.1195,0.0765
11/02/2014,0.11875,0.0735
12/02/2014,0.119,0.0745
13/02/2014,0.11925,0.0755
14/02/2014,0.118,0.0705
17/02/2014,0.1165,0.062
18/02/2014,0.118,0.0625
19/02/2014,0.118,0.0645
20/02/2014,0.12,0.0665
21/02/2014,0.11725,0.0655
24/02/2014,0.1209,0.0635
25/02/2014,0.1217,0.0675
26/02/2014,0.1195,0.0625
27/02/2014,0.12015,0.072
28/02/2014,0.12,0.0665
03/03/2014,0.11815,0.075
04/03/2014,0.12135,0.075
05/03/2014,0.12115,0.072
06/03/2014,0.11805,0.0737
07/03/2014,0.12,0.08
10/03/2014,0.1204,0.0795
11/03/2014,0.124,0.08
12/03/2014,0.12075,0.08
13/03/2014,0.1234,0.079
14/03/2014,0.12125,0.0775
17/03/2014,0.11975,0.0795
18/03/2014,0.1213,0.082
19/03/2014,0.123,0.083
20/03/2014,0.12,0.08
21/03/2014,0.11975,0.079
24/03/2014,0.1195,0.08
25/03/2014,0.11875,0.082
26/03/2014,0.12275,0.081
27/03/2014,0.12275,0.0855
28/03/2014,0.1201,0.084
31/03/2014,0.1195,0.08
01/04/2014,0.11885,0.0795
02/04/2014,0.121,0.0795
03/04/2014,0.1206,0.084
04/04/2014,0.12135,0.0785
07/04/2014,0.1182,0.079
08/04/2014,0.1185,0.0815
09/04/2014,0.11925,0.0802
10/04/2014,0.12045,0.0807
11/04/2014,0.11875,0.0807
14/04/2014,0.1204,0.0825
15/04/2014,0.12065,0.085
16/04/2014,0.1215,0.0835
17/04/2014,0.11875,0.0855
18/04/2014,0.11875,0.082
21/04/2014,0.11875,0.0855
22/04/2014,0.11925,0.0885
23/04/2014,0.1213,0.0875
24/04/2014,0.11925,0.09
25/04/2014,0.11975,0.0915
28/04/2014,0.122,0.094
29/04/2014,0.12075,0.093
30/04/2014,0.12175,0.093
01/05/2014,0.1225,0.0915
02/05/2014,0.1195,0.0865
05/05/2014,0.1195,0.0895
06/05/2014,0.1225,0.0885
07/05/2014,0.11905,0.0895
08/05/2014,0.12175,0.0885
09/05/2014,0.11875,0.089
12/05/2014,0.1205,0.085
13/05/2014,0.12075,0.089
14/05/2014,0.11875,0.0885
15/05/2014,0.121,0.0872
16/05/2014,0.119,0.0875
19/05/2014,0.1178,0.0872
20/05/2014,0.11635,0.091
21/05/2014,0.1183,0.0875
22/05/2014,0.1205,0.0875
23/05/2014,0.1203,0.0905
26/05/2014,0.1203,0.088
27/05/2014,0.11925,0.0915
28/05/2014,0.1202,0.0885
29/05/2014,0.121,0.09
30/05/2014,0.119,0.0885
02/06/2014,0.1209,0.0875
03/06/2014,0.119,0.0885
04/06/2014,0.122,0.0915
05/06/2014,0.12,0.0965
06/06/2014,0.122,0.09
09/06/2014,0.123,0.09
10/06/2014,0.123,0.091
11/06/2014,0.12255,0.092
12/06/2014,0.12025,0.0957
13/06/2014,0.1235,0.0967
16/06/2014,0.1235,0.0987
17/06/2014,0.12375,0.098
18/06/2014,0.123,0.097
19/06/2014,0.123,0.0985
20/06/2014,0.123,0.095
23/06/2014,0.123,0.095
24/06/2014,0.1235,0.0955
25/06/2014,0.12325,0.096
26/06/2014,0.1225,0.0965
27/06/2014,0.123,0.099
30/06/2014,0.123,0.097
01/07/2014,0.123,0.1018
02/07/2014,0.123,0.1
03/07/2014,0.123,0.097
04/07/2014,0.123,0.097
07/07/2014,0.123,0.095
08/07/2014,0.12225,0.094
09/07/2014,0.1225,0.088
10/07/2014,0.12225,0.095
11/07/2014,0.12275,0.091
14/07/2014,0.1225,0.082
15/07/2014,0.12275,0.081
16/07/2014,0.12275,0.0915
17/07/2014,0.12275,0.09
18/07/2014,0.122,0.09
21/07/2014,0.123,0.0925
22/07/2014,0.123,0.074
23/07/2014,0.123,0.068
24/07/2014,0.12325,0.0925
25/07/2014,0.122,0.0755
28/07/2014,0.12175,0.091
29/07/2014,0.12225,0.091
30/07/2014,0.12325,0.0925
31/07/2014,0.12325,0.0927
01/08/2014,0.122,0.09
04/08/2014,0.1205,0.091
05/08/2014,0.122,0.091
06/08/2014,0.12,0.091
07/08/2014,0.1215,0.092
08/08/2014,0.1205,0.09
11/08/2014,0.12025,0.09
12/08/2014,0.12125,0.0875
13/08/2014,0.1205,0.0897
14/08/2014,0.1215,0.0837
15/08/2014,0.12175,0.09
18/08/2014,0.12175,0.09
19/08/2014,0.12225,0.0915
20/08/2014,0.12125,0.0897
21/08/2014,0.1225,0.096
22/08/2014,0.121,0.0925
25/08/2014,0.121,0.075
26/08/2014,0.123,0.0875
27/08/2014,0.1235,0.0897
28/08/2014,0.12425,0.089
29/08/2014,0.12325,0.088
01/09/2014,0.12445,0.088
02/09/2014,0.12225,0.0895
03/09/2014,0.12125,0.0895
04/09/2014,0.12125,0.0895
05/09/2014,0.11825,0.089
08/09/2014,0.11985,0.0897
09/09/2014,0.11955,0.0897
10/09/2014,0.12125,0.0887
11/09/2014,0.1215,0.09
12/09/2014,0.11925,0.09
15/09/2014,0.1193,0.085
16/09/2014,0.12175,0.0867
17/09/2014,0.122,0.0895
18/09/2014,0.12175,0.0857
19/09/2014,0.11975,0.0897
22/09/2014,0.1215,0.0847
23/09/2014,0.122,0.089
24/09/2014,0.122,0.0897
25/09/2014,0.12175,0.087
26/09/2014,0.1175,0.0877
29/09/2014,0.1225,0.0897
30/09/2014,0.1185,0.0897
01/10/2014,0.11775,0.0757
02/10/2014,0.1195,0.0867
03/10/2014,0.11845,0.087
06/10/2014,0.1205,0.0897
07/10/2014,0.11875,0.086
08/10/2014,0.1173,0.0867
09/10/2014,0.12,0.0857
10/10/2014,0.1186,0.0835
13/10/2014,0.11955,0.086
14/10/2014,0.1193,0.085
15/10/2014,0.12,0.0855
16/10/2014,0.12025,0.0825
17/10/2014,0.1205,0.088
20/10/2014,0.1204,0.092
21/10/2014,0.11875,0.0855
22/10/2014,0.11875,0.0915
23/10/2014,0.1187,0.085
24/10/2014,0.1205,0.0857
27/10/2014,0.1205,0.0837
28/10/2014,0.11775,0.084
29/10/2014,0.1207,0.086
30/10/2014,0.122,0.0915
31/10/2014,0.12075,0.0887
03/11/2014,0.11975,0.089
04/11/2014,0.1185,0.0865
05/11/2014,0.1207,0.089
06/11/2014,0.12225,0.0867
07/11/2014,0.122,0.0887
10/11/2014,0.11985,0.092
11/11/2014,0.12175,0.092
12/11/2014,0.122,0.0945
13/11/2014,0.1215,0.0977
14/11/2014,0.12025,0.0977
17/11/2014,0.12,0.1018
18/11/2014,0.1218,0.0995
19/11/2014,0.12175,0.1105
20/11/2014,0.124,0.1035
21/11/2014,0.12575,0.1055
24/11/2014,0.1239,0.1035
25/11/2014,0.12525,0.099
26/11/2014,0.1248,0.1065
27/11/2014,0.1246,0.1065
28/11/2014,0.1241,0.1065
01/12/2014,0.1262,0.1045
02/12/2014,0.13075,0.1155
03/12/2014,0.133,0.1155
04/12/2014,0.1341,0.1105
05/12/2014,0.134,0.112
08/12/2014,0.1366,0.1095
09/12/2014,0.136,0.109
10/12/2014,0.135,0.1105
11/12/2014,0.1345,0.105
12/12/2014,0.1335,0.1015
15/12/2014,0.1319,0.099
16/12/2014,0.131,0.1098
17/12/2014,0.1305,0.1168
18/12/2014,0.1308,0.127
19/12/2014,0.132,0.1285
22/12/2014,0.134,0.1345
23/12/2014,0.13425,0.128
24/12/2014,0.133,0.117
25/12/2014,0.133,0.117
26/12/2014,0.133,0.117
29/12/2014,0.1326,0.1345
30/12/2014,0.136,0.12
31/12/2014,0.135,0.115
01/01/2015,0.135,0.115
02/01/2015,0.1348,0.1118
05/01/2015,0.13475,0.1098
06/01/2015,0.1335,0.1108
07/01/2015,0.1342,0.1108
08/01/2015,0.1341,0.1148
09/01/2015,0.1349,0.111
12/01/2015,0.1319,0.1128
13/01/2015,0.133,0.1148
14/01/2015,0.1345,0.1165
15/01/2015,0.1351,0.123
16/01/2015,0.135,0.1228
19/01/2015,0.1355,0.138
20/01/2015,0.1355,0.1315
21/01/2015,0.1361,0.1235
22/01/2015,0.1347,0.118
23/01/2015,0.1344,0.119
26/01/2015,0.1369,0.1315
27/01/2015,0.1371,0.1218
28/01/2015,0.1367,0.1218
29/01/2015,0.1368,0.1278
30/01/2015,0.1351,0.1238
02/02/2015,0.136,0.127
03/02/2015,0.136,0.127
04/02/2015,0.137,0.1265
05/02/2015,0.136,0.1238
06/02/2015,0.1365,0.129
09/02/2015,0.134,0.125
10/02/2015,0.1362,0.1275
11/02/2015,0.1375,0.1275
12/02/2015,0.138,0.1305
13/02/2015,0.138,0.1245
16/02/2015,0.1375,0.1245
17/02/2015,0.1379,0.1238
18/02/2015,0.14,0.116
19/02/2015,0.1414,0.1245
20/02/2015,0.1395,0.111
23/02/2015,0.1406,0.119
24/02/2015,0.13875,0.1195
25/02/2015,0.138,0.117
26/02/2015,0.139,0.119
27/02/2015,0.135,0.119
02/03/2015,0.1365,0.115
03/03/2015,0.1385,0.1205
04/03/2015,0.1385,0.121
05/03/2015,0.139,0.1225
06/03/2015,0.1389,0.1285
09/03/2015,0.1387,0.1195
10/03/2015,0.1385,0.1278
11/03/2015,0.1385,0.1298
12/03/2015,0.139,0.1285
13/03/2015,0.14,0.1258
16/03/2015,0.14,0.1298
17/03/2015,0.141,0.122
18/03/2015,0.1415,0.1278
19/03/2015,0.1435,0.122
20/03/2015,0.142,0.1218
23/03/2015,0.142,0.1078
24/03/2015,0.14025,0.1148
25/03/2015,0.13975,0.1145
26/03/2015,0.1415,0.117
27/03/2015,0.1425,0.1165
30/03/2015,0.14425,0.118
31/03/2015,0.1407,0.117
01/04/2015,0.1444,0.118
02/04/2015,0.1438,0.1185
03/04/2015,0.1438,0.1178
06/04/2015,0.1438,0.117
07/04/2015,0.142,0.1208
08/04/2015,0.1413,0.1248
09/04/2015,0.14575,0.1228
10/04/2015,0.14625,0.1228
13/04/2015,0.147,0.116
14/04/2015,0.14675,0.1185
15/04/2015,0.14375,0.1225
16/04/2015,0.147,0.1265
17/04/2015,0.1475,0.1265
20/04/2015,0.14775,0.124
21/04/2015,0.14925,0.1188
22/04/2015,0.14645,0.1188
23/04/2015,0.146,0.125
24/04/2015,0.144,0.126
27/04/2015,0.14525,0.1208
28/04/2015,0.1495,0.1148
29/04/2015,0.1476,0.1255
30/04/2015,0.14975,0.1295
01/05/2015,0.1475,0.1298
04/05/2015,0.1475,0.1275
05/05/2015,0.149,0.1275
06/05/2015,0.1453,0.1275
07/05/2015,0.1485,0.126
08/05/2015,0.1485,0.1325
11/05/2015,0.14825,0.1298
12/05/2015,0.14875,0.1295
13/05/2015,0.14575,0.1255
14/05/2015,0.14675,0.1238
15/05/2015,0.149,0.1238
18/05/2015,0.1485,0.124
19/05/2015,0.1485,0.1298
20/05/2015,0.1465,0.1235
21/05/2015,0.1485,0.1168
22/05/2015,0.14775,0.105
25/05/2015,0.14775,0.105
26/05/2015,0.148,0.11
27/05/2015,0.14575,0.1117
28/05/2015,0.15,0.1198
29/05/2015,0.15025,0.1205
01/06/2015,0.147,0.1248
02/06/2015,0.1473,0.1258
03/06/2015,0.1445,0.1278
04/06/2015,0.14725,0.1318
05/06/2015,0.1475,0.1338
08/06/2015,0.1475,0.1348
09/06/2015,0.147,0.135
10/06/2015,0.144,0.1355
11/06/2015,0.1475,0.1355
12/06/2015,0.1475,0.14
15/06/2015,0.1477,0.1395
16/06/2015,0.1475,0.1348
17/06/2015,0.144,0.141
18/06/2015,0.1472,0.1458
19/06/2015,0.147,0.1445
22/06/2015,0.148,0.1338
23/06/2015,0.148,0.1385
24/06/2015,0.146,0.1295
25/06/2015,0.146,0.123
26/06/2015,0.146,0.1208
29/06/2015,0.1475,0.1288
30/06/2015,0.148,0.131
01/07/2015,0.149,0.131
02/07/2015,0.148,0.1288
03/07/2015,0.148,0.133
06/07/2015,0.147,0.1315
07/07/2015,0.1495,0.128
08/07/2015,0.149,0.1315
09/07/2015,0.148,0.1325
10/07/2015,0.1481,0.126
13/07/2015,0.149,0.1218
14/07/2015,0.1485,0.1248
15/07/2015,0.15,0.1295
16/07/2015,0.15,0.1315
17/07/2015,0.1481,0.1315
20/07/2015,0.15,0.1285
21/07/2015,0.149,0.1288
22/07/2015,0.147,0.1295
23/07/2015,0.149,0.1305
24/07/2015,0.15,0.1345
27/07/2015,0.151,0.131
28/07/2015,0.1505,0.1328
29/07/2015,0.1469,0.128
30/07/2015,0.1495,0.1325
31/07/2015,0.1491,0.1325
03/08/2015,0.15,0.1358
04/08/2015,0.1502,0.136
05/08/2015,0.149,0.1368
06/08/2015,0.1505,0.137
07/08/2015,0.1497,0.1348
10/08/2015,0.1491,0.138
11/08/2015,0.1506,0.1375
12/08/2015,0.15075,0.1378
13/08/2015,0.1518,0.1378
14/08/2015,0.153,0.1415
17/08/2015,0.1535,0.1378
18/08/2015,0.1535,0.1428
19/08/2015,0.155,0.136
20/08/2015,0.1541,0.1345
21/08/2015,0.15275,0.1425
24/08/2015,0.153,0.143
25/08/2015,0.1525,0.143
26/08/2015,0.1525,0.1278
27/08/2015,0.1536,0.2208
28/08/2015,0.1542,0.1378
31/08/2015,0.1542,0.1378
01/09/2015,0.154,0.14
02/09/2015,0.1555,0.15
03/09/2015,0.1545,0.1445
04/09/2015,0.1535,0.146
07/09/2015,0.1543,0.146
08/09/2015,0.154,0.15
09/09/2015,0.1551,0.1558
10/09/2015,0.157,0.1718
11/09/2015,0.1593,0.1818
14/09/2015,0.161,0.1868
15/09/2015,0.1621,0.1938
16/09/2015,0.1646,0.19
17/09/2015,0.166,0.1365
18/09/2015,0.1555,0.1395
21/09/2015,0.15525,0.142
22/09/2015,0.1569,0.1238
23/09/2015,0.1553,0.129
24/09/2015,0.15545,0.13
25/09/2015,0.1542,0.1195
28/09/2015,0.1571,0.13
29/09/2015,0.15375,0.1308
30/09/2015,0.15115,0.1335
01/10/2015,0.15365,0.128
02/10/2015,0.15595,0.132
05/10/2015,0.157,0.1345
06/10/2015,0.15645,0.1335
07/10/2015,0.156,0.13
08/10/2015,0.1553,0.1325
09/10/2015,0.15645,0.1265
12/10/2015,0.1553,0.131
13/10/2015,0.15595,0.1228
14/10/2015,0.1538,0.1228
15/10/2015,0.1545,0.1188
16/10/2015,0.1555,0.13
19/10/2015,0.1558,0.117
20/10/2015,0.15625,0.119
21/10/2015,0.15605,0.1325
22/10/2015,0.15625,0.115
23/10/2015,0.1545,0.1135
26/10/2015,0.1529,0.118
27/10/2015,0.1528,0.1138
28/10/2015,0.1531,0.116
29/10/2015,0.1575,0.1328
30/10/2015,0.1559,0.1328
02/11/2015,0.15365,0.1308
03/11/2015,0.1541,0.1308
04/11/2015,0.1549,0.1318
05/11/2015,0.15605,0.1275
06/11/2015,0.15495,0.128
09/11/2015,0.1556,0.1228
10/11/2015,0.1562,0.1255
11/11/2015,0.15495,0.1255
12/11/2015,0.15625,0.123
13/11/2015,0.1559,0.1218
16/11/2015,0.1563,0.125
17/11/2015,0.15675,0.1265
18/11/2015,0.1561,0.1275
19/11/2015,0.15845,0.126
20/11/2015,0.1564,0.12
23/11/2015,0.1569,0.1175
24/11/2015,0.1563,0.1205
25/11/2015,0.15705,0.1248
26/11/2015,0.15675,0.1248
27/11/2015,0.1552,0.119
30/11/2015,0.1556,0.119
01/12/2015,0.1552,0.12
02/12/2015,0.15785,0.1225
03/12/2015,0.15885,0.1195
04/12/2015,0.15845,0.1295
07/12/2015,0.16395,0.1295
08/12/2015,0.1621,0.1575
09/12/2015,0.1755,0.1855
10/12/2015,0.2222,0.2685
11/12/2015,0.2639,0.2685
14/12/2015,0.2988,0.3145
15/12/2015,0.3318,0.3198
16/12/2015,0.341,0.3488
17/12/2015,0.373,0.357
18/12/2015,0.38635,0.3608
21/12/2015,0.3904,0.3508
22/12/2015,0.39,0.35
23/12/2015,0.3906,0.3
24/12/2015,0.3897,0.3
25/12/2015,0.3897,0.3
28/12/2015,0.3897,0.3265
29/12/2015,0.385,0.328
30/12/2015,0.392,0.3525
31/12/2015,0.38975,0.341
01/01/2016,0.38975,0.341
04/01/2016,0.3875,0.341
05/01/2016,0.38625,0.355
06/01/2016,0.38715,0.36
07/01/2016,0.3847,0.3575
08/01/2016,0.38485,0.362
11/01/2016,0.38595,0.3563
12/01/2016,0.3864,0.3555
13/01/2016,0.3859,0.3575
14/01/2016,0.3851,0.3535
15/01/2016,0.3875,0.3507
18/01/2016,0.3853,0.3485
19/01/2016,0.3875,0.356
20/01/2016,0.3866,0.3551
21/01/2016,0.3864,0.3364
22/01/2016,0.3893,0.343
25/01/2016,0.38765,0.343
26/01/2016,0.38975,0.336
27/01/2016,0.39135,0.3436
28/01/2016,0.3955,0.3755
29/01/2016,0.39385,0.371
01/02/2016,0.3894,0.377
02/02/2016,0.3925,0.374
03/02/2016,0.3874,0.378
04/02/2016,0.3876,0.378
05/02/2016,0.3866,0.374
08/02/2016,0.3905,0.375
09/02/2016,0.3972,0.375
10/02/2016,0.3939,0.378
11/02/2016,0.3952,0.373
12/02/2016,0.3912,0.3785
15/02/2016,0.3934,0.379
16/02/2016,0.3905,0.375
17/02/2016,0.3916,0.3775
18/02/2016,0.392,0.3775
19/02/2016,0.39305,0.3704
22/02/2016,0.3923,0.3704
23/02/2016,0.3907,0.3645
24/02/2016,0.3951,0.3555
25/02/2016,0.39405,0.3639
26/02/2016,0.39745,0.3769
29/02/2016,0.3973,0.3739
01/03/2016,0.39275,0.37
02/03/2016,0.3964,0.37
03/03/2016,0.3989,0.3705
04/03/2016,0.3979,0.3705
07/03/2016,0.3991,0.3715
08/03/2016,0.3974,0.372
09/03/2016,0.39485,0.3715
10/03/2016,0.3971,0.38
11/03/2016,0.3982,0.383
14/03/2016,0.4018,0.3817
15/03/2016,0.402,0.3765
16/03/2016,0.3994,0.368
17/03/2016,0.39765,0.374
18/03/2016,0.3987,0.375
21/03/2016,0.4017,0.379
22/03/2016,0.39725,0.381
23/03/2016,0.39405,0.354
24/03/2016,0.39355,0.365
25/03/2016,0.39355,0.365
28/03/2016,0.39355,0.356
29/03/2016,0.3925,0.3517
30/03/2016,0.39685,0.3685
31/03/2016,0.3961,0.364
01/04/2016,0.3961,0.3655
04/04/2016,0.396,0.361
05/04/2016,0.3958,0.36
06/04/2016,0.3935,0.361
07/04/2016,0.39625,0.3605
08/04/2016,0.395,0.361
11/04/2016,0.39525,0.3565
12/04/2016,0.397,0.359
13/04/2016,0.39725,0.357
14/04/2016,0.3975,0.3555
15/04/2016,0.4015,0.355
18/04/2016,0.4011,0.358
19/04/2016,0.4021,0.349
20/04/2016,0.399,0.352
21/04/2016,0.399,0.3304
22/04/2016,0.399,0.343
25/04/2016,0.3994,0.3365
26/04/2016,0.4003,0.3374
27/04/2016,0.401,0.344
28/04/2016,0.404,0.366
29/04/2016,0.4055,0.366
02/05/2016,0.4055,0.365
03/05/2016,0.405,0.3628
04/05/2016,0.4032,0.368
05/05/2016,0.4068,0.362
06/05/2016,0.40505,0.3669
09/05/2016,0.40415,0.3641
10/05/2016,0.40415,0.3665
11/05/2016,0.4034,0.3635
12/05/2016,0.4049,0.362
13/05/2016,0.4058,0.359
16/05/2016,0.4045,0.361
17/05/2016,0.4055,0.36
18/05/2016,0.4035,0.36
19/05/2016,0.407,0.3605
20/05/2016,0.4061,0.364
23/05/2016,0.4046,0.3601
24/05/2016,0.4059,0.3601
25/05/2016,0.4055,0.3572
26/05/2016,0.4061,0.3582
27/05/2016,0.407,0.3701
30/05/2016,0.407,0.3701
31/05/2016,0.4082,0.3575
01/06/2016,0.4083,0.3575
02/06/2016,0.408,0.3595
03/06/2016,0.40915,0.3485
06/06/2016,0.40775,0.37
07/06/2016,0.408,0.3701
08/06/2016,0.408,0.3709
09/06/2016,0.41075,0.3715
10/06/2016,0.41185,0.3715
13/06/2016,0.41075,0.3687
14/06/2016,0.4104,0.3696
15/06/2016,0.40995,0.3725
16/06/2016,0.4075,0.3735
17/06/2016,0.4102,0.3755
20/06/2016,0.4121,0.3763
21/06/2016,0.41545,0.3769
22/06/2016,0.41165,0.367
23/06/2016,0.4162,0.373
24/06/2016,0.42095,0.379
27/06/2016,0.43195,0.371
28/06/2016,0.43645,0.375
29/06/2016,0.4404,0.3885
30/06/2016,0.4402,0.387
01/07/2016,0.43645,0.389
04/07/2016,0.4362,0.389
05/07/2016,0.43545,0.3885
06/07/2016,0.4383,0.387
07/07/2016,0.4378,0.389
08/07/2016,0.4358,0.388
11/07/2016,0.4368,0.3875
12/07/2016,0.4368,0.39
13/07/2016,0.4358,0.39
14/07/2016,0.43655,0.395
15/07/2016,0.4378,0.3935
18/07/2016,0.4385,0.393
19/07/2016,0.439,0.392
20/07/2016,0.4386,0.3845
21/07/2016,0.4371,0.3635
22/07/2016,0.4366,0.3771
25/07/2016,0.4391,0.3781
26/07/2016,0.4391,0.3735
27/07/2016,0.4386,0.368
28/07/2016,0.4461,0.4
29/07/2016,0.4456,0.394
01/08/2016,0.4461,0.395
02/08/2016,0.4441,0.4001
03/08/2016,0.4441,0.402
04/08/2016,0.4431,0.4015
05/08/2016,0.44235,0.4
08/08/2016,0.4431,0.3995
09/08/2016,0.44245,0.3985
10/08/2016,0.4437,0.4005
11/08/2016,0.44345,0.401
12/08/2016,0.4427,0.4015
15/08/2016,0.44078,0.4015
16/08/2016,0.44133,0.3995
17/08/2016,0.44078,0.398
18/08/2016,0.44106,0.401
19/08/2016,0.44272,0.402
22/08/2016,0.44467,0.399
23/08/2016,0.44356,0.399
24/08/2016,0.443,0.3936
25/08/2016,0.44217,0.388
26/08/2016,0.44244,0.3848
29/08/2016,0.44244,0.3887
30/08/2016,0.44383,0.392
31/08/2016,0.44356,0.4001
01/09/2016,0.443,0.4001
02/09/2016,0.443,0.4005
05/09/2016,0.44328,0.4005
06/09/2016,0.443,0.4
07/09/2016,0.44383,0.4035
08/09/2016,0.44522,0.4
09/09/2016,0.44506,0.4038
12/09/2016,0.44533,0.4
13/09/2016,0.44589,0.4
14/09/2016,0.44922,0.4052
15/09/2016,0.45367,0.416
16/09/2016,0.45228,0.4226
19/09/2016,0.45478,0.427
20/09/2016,0.45756,0.4416
21/09/2016,0.45783,0.4472
22/09/2016,0.45589,0.3602
23/09/2016,0.45339,0.3516
26/09/2016,0.45228,0.3644
27/09/2016,0.45256,0.3645
28/09/2016,0.44788,0.376
29/09/2016,0.44867,0.398
30/09/2016,0.45672,0.398
03/10/2016,0.46256,0.399
04/10/2016,0.45756,0.4005
05/10/2016,0.45589,0.406
06/10/2016,0.45644,0.408
07/10/2016,0.45533,0.404
10/10/2016,0.45533,0.404
11/10/2016,0.45644,0.405
12/10/2016,0.45867,0.41
13/10/2016,0.45867,0.41
14/10/2016,0.45922,0.409
17/10/2016,0.46033,0.408
18/10/2016,0.45811,0.408
19/10/2016,0.45756,0.4085
20/10/2016,0.45756,0.408
21/10/2016,0.45644,0.4028
24/10/2016,0.45589,0.3956
25/10/2016,0.45478,0.3946
26/10/2016,0.45589,0.3943
27/10/2016,0.457,0.404
28/10/2016,0.45978,0.418
31/10/2016,0.45978,0.4138
01/11/2016,0.45867,0.4159
02/11/2016,0.46033,0.41
03/11/2016,0.4595,0.409
04/11/2016,0.45839,0.4106
07/11/2016,0.45894,0.409
08/11/2016,0.45978,0.409
09/11/2016,0.45728,0.409
10/11/2016,0.45978,0.409
11/11/2016,0.45922,0.409
14/11/2016,0.45922,0.4094
15/11/2016,0.45894,0.4109
16/11/2016,0.457,0.41
17/11/2016,0.45922,0.41
18/11/2016,0.45978,0.409
21/11/2016,0.45978,0.409
22/11/2016,0.45811,0.3937
23/11/2016,0.45589,0.3938
24/11/2016,0.45822,0.394
25/11/2016,0.45822,0.394
28/11/2016,0.45878,0.3938
29/11/2016,0.46044,0.389
30/11/2016,0.45822,0.396
01/12/2016,0.45822,0.415
02/12/2016,0.461,0.383
05/12/2016,0.46156,0.411
06/12/2016,0.47044,0.41
07/12/2016,0.49378,0.453
08/12/2016,0.56628,0.551
09/12/2016,0.60822,0.5455
12/12/2016,0.64544,0.6215
13/12/2016,0.67317,0.655
14/12/2016,0.68406,0.657
15/12/2016,0.70389,0.657
16/12/2016,0.70444,0.6575
19/12/2016,0.70306,0.655
20/12/2016,0.705,0.6579
21/12/2016,0.70778,0.6562
22/12/2016,0.71144,0.6135
23/12/2016,0.71144,0.5585
26/12/2016,0.71144,0.5585
27/12/2016,0.71144,0.614
28/12/2016,0.71533,0.599
29/12/2016,0.72333,0.65
30/12/2016,0.72333,0.6525
02/01/2017,0.72333,0.6525
03/01/2017,0.72333,0.659
04/01/2017,0.71833,0.6585
05/01/2017,0.71867,0.658
06/01/2017,0.71811,0.656
09/01/2017,0.71844,0.659
10/01/2017,0.71956,0.657
11/01/2017,0.71733,0.661
12/01/2017,0.71733,0.659
13/01/2017,0.72078,0.655
16/01/2017,0.71944,0.655
17/01/2017,0.72033,0.6555
18/01/2017,0.72428,0.6575
19/01/2017,0.724,0.6593
20/01/2017,0.72344,0.6591
23/01/2017,0.72206,0.6591
24/01/2017,0.72289,0.6365
25/01/2017,0.72344,0.6497
26/01/2017,0.72178,0.6465
27/01/2017,0.72011,0.6465
30/01/2017,0.72206,0.663
31/01/2017,0.7215,0.6625
01/02/2017,0.7215,0.6668
02/02/2017,0.72056,0.66
03/02/2017,0.72167,0.6612
06/02/2017,0.72222,0.66
07/02/2017,0.72111,0.6605
08/02/2017,0.71972,0.6601
09/02/2017,0.71611,0.6605
10/02/2017,0.71417,0.6605
13/02/2017,0.71528,0.6616
14/02/2017,0.715,0.66
15/02/2017,0.71778,0.66
16/02/2017,0.71889,0.661
17/02/2017,0.71444,0.6463
20/02/2017,0.71444,0.6463
21/02/2017,0.71444,0.6445
22/02/2017,0.71389,0.6458
23/02/2017,0.71222,0.6365
24/02/2017,0.71111,0.6415
27/02/2017,0.71167,0.66
28/02/2017,0.71111,0.6601
01/03/2017,0.71111,0.66
02/03/2017,0.71167,0.66
03/03/2017,0.71,0.66
06/03/2017,0.71,0.658
07/03/2017,0.71389,0.6632
08/03/2017,0.735,0.6932
09/03/2017,0.81567,0.7945
10/03/2017,0.84611,0.8317
13/03/2017,0.87889,0.887
14/03/2017,0.90889,0.904
15/03/2017,0.92278,0.9074
16/03/2017,0.94567,0.9035
17/03/2017,0.94611,0.9101
20/03/2017,0.94667,0.9101
21/03/2017,0.94611,0.9101
22/03/2017,0.945,0.91
23/03/2017,0.94389,0.8675
24/03/2017,0.94389,0.871
27/03/2017,0.94389,0.8629
28/03/2017,0.94389,0.8645
29/03/2017,0.94778,0.8775
30/03/2017,0.95667,0.9076
31/03/2017,0.95111,0.901
03/04/2017,0.95222,0.9076
04/04/2017,0.94889,0.91
05/04/2017,0.94778,0.91
06/04/2017,0.94722,0.91
07/04/2017,0.94722,0.91
10/04/2017,0.94667,0.9095
11/04/2017,0.94722,0.91
12/04/2017,0.94722,0.91
13/04/2017,0.94556,0.91
14/04/2017,0.94556,0.91
17/04/2017,0.94556,0.91
18/04/2017,0.94722,0.91
19/04/2017,0.94611,0.91
20/04/2017,0.94389,0.8777
21/04/2017,0.945,0.8715
24/04/2017,0.945,0.8715
25/04/2017,0.945,0.8747
26/04/2017,0.94611,0.851
27/04/2017,0.94667,0.9083
28/04/2017,0.95,0.9106
01/05/2017,0.95,0.91
02/05/2017,0.94778,0.91
03/05/2017,0.94833,0.9095
04/05/2017,0.9475,0.91
05/05/2017,0.94722,0.9083
08/05/2017,0.94667,0.91
09/05/2017,0.94667,0.91
10/05/2017,0.94722,0.91
11/05/2017,0.94556,0.91
12/05/2017,0.94667,0.91
15/05/2017,0.94778,0.9054
16/05/2017,0.94667,0.91
17/05/2017,0.94667,0.91
18/05/2017,0.94722,0.91
19/05/2017,0.9475,0.91
22/05/2017,0.94833,0.91
23/05/2017,0.94944,0.8995
24/05/2017,0.94967,0.8986
25/05/2017,0.94967,0.91
26/05/2017,0.94922,0.909
29/05/2017,0.94922,0.909
30/05/2017,0.95061,0.91
31/05/2017,0.95156,0.9105
01/06/2017,0.95156,0.91
02/06/2017,0.95156,0.91
05/06/2017,0.951,0.9101
06/06/2017,0.95322,0.9126
07/06/2017,0.975,0.9436
08/06/2017,1.03544,0.958
09/06/2017,1.076,1.0809
12/06/2017,1.11211,1.1265
13/06/2017,1.15111,1.1496
14/06/2017,1.16189,1.1588
15/06/2017,1.18833,1.156
16/06/2017,1.19,1.1595
19/06/2017,1.19278,1.1565
20/06/2017,1.19389,1.1575
21/06/2017,1.19222,1.16
22/06/2017,1.195,1.1275
23/06/2017,1.18611,1.1209
26/06/2017,1.18778,1.127
27/06/2017,1.18889,1.1225
28/06/2017,1.18889,1.1325
29/06/2017,1.19056,1.1584
30/06/2017,1.19,1.16
03/07/2017,1.18833,1.161
04/07/2017,1.19056,1.154
05/07/2017,1.19111,1.1601
06/07/2017,1.19111,1.1601
07/07/2017,1.19,1.16
10/07/2017,1.18889,1.16
11/07/2017,1.18889,1.1601
12/07/2017,1.18889,1.16
13/07/2017,1.18889,1.1601
14/07/2017,1.18889,1.1601
17/07/2017,1.19111,1.1605
18/07/2017,1.18944,1.1589
19/07/2017,1.19,1.16
20/07/2017,1.19056,1.1585
21/07/2017,1.19222,1.15
24/07/2017,1.19444,1.1462
25/07/2017,1.19389,1.1495
26/07/2017,1.19389,1.15
27/07/2017,1.19444,1.1505
28/07/2017,1.19667,1.16
31/07/2017,1.19667,1.16
01/08/2017,1.19611,1.16
02/08/2017,1.19778,1.16
03/08/2017,1.19611,1.16
04/08/2017,1.19944,1.16
07/08/2017,1.19722,1.16
08/08/2017,1.19611,1.16
09/08/2017,1.19667,1.1601
10/08/2017,1.19667,1.1593
11/08/2017,1.19889,1.1605
14/08/2017,1.19722,1.1597
15/08/2017,1.19722,1.16
16/08/2017,1.19722,1.1601
17/08/2017,1.19778,1.1593
18/08/2017,1.19944,1.16
21/08/2017,1.19778,1.1601
22/08/2017,1.19722,1.1601
23/08/2017,1.19444,1.1465
24/08/2017,1.19667,1.1505
25/08/2017,1.19667,1.1472
28/08/2017,1.19667,1.144
29/08/2017,1.20167,1.1465
30/08/2017,1.20167,1.16
31/08/2017,1.20167,1.16
01/09/2017,1.20056,1.16
04/09/2017,1.19722,1.16
05/09/2017,1.19667,1.1593
06/09/2017,1.195,1.16
07/09/2017,1.195,1.1601
08/09/2017,1.195,1.156
11/09/2017,1.19667,1.1601
12/09/2017,1.19667,1.1601
13/09/2017,1.19556,1.159
14/09/2017,1.19667,1.156
15/09/2017,1.19611,1.155
18/09/2017,1.19556,1.153
19/09/2017,1.19667,1.1625
20/09/2017,1.19556,1.1575
21/09/2017,1.19444,1.1265
22/09/2017,1.19444,1.127
25/09/2017,1.19444,1.127
26/09/2017,1.19556,1.1235
27/09/2017,1.19722,1.1285
28/09/2017,1.20167,1.16
29/09/2017,1.205,1.1598
02/10/2017,1.20333,1.1593
03/10/2017,1.20333,1.1601
04/10/2017,1.20167,1.1605
05/10/2017,1.20222,1.16
06/10/2017,1.20222,1.16
09/10/2017,1.20333,1.1601
10/10/2017,1.205,1.16
11/10/2017,1.20389,1.16
12/10/2017,1.205,1.16
13/10/2017,1.20444,1.1617
16/10/2017,1.20594,1.16
17/10/2017,1.20667,1.16
18/10/2017,1.20494,1.1595
19/10/2017,1.20557,1.16
20/10/2017,1.20444,1.16
23/10/2017,1.20172,1.1473
24/10/2017,1.20239,1.1473
25/10/2017,1.20247,1.1454
26/10/2017,1.20517,1.1477
27/10/2017,1.20326,1.154
30/10/2017,1.20467,1.159
31/10/2017,1.20767,1.16
01/11/2017,1.20656,1.158
02/11/2017,1.20467,1.16
03/11/2017,1.20444,1.16
06/11/2017,1.205,1.1595
07/11/2017,1.2055,1.1595
08/11/2017,1.205,1.1595
09/11/2017,1.20272,1.1595
10/11/2017,1.20422,1.16
13/11/2017,1.2035,1.1595
14/11/2017,1.20406,1.1595
15/11/2017,1.20356,1.1585
16/11/2017,1.20372,1.1585
17/11/2017,1.20267,1.1585
20/11/2017,1.20367,1.1575
21/11/2017,1.20212,1.1472
22/11/2017,1.19969,1.1472
23/11/2017,1.2008,1.1472
24/11/2017,1.20341,1.142
27/11/2017,1.20106,1.144
28/11/2017,1.20219,1.144
29/11/2017,1.205,1.144
30/11/2017,1.20688,1.159
01/12/2017,1.21014,1.1601
04/12/2017,1.21313,1.159
05/12/2017,1.21444,1.1601
06/12/2017,1.22813,1.1946
07/12/2017,1.29936,1.298
08/12/2017,1.34168,1.334
11/12/2017,1.38151,1.3685
12/12/2017,1.42375,1.407
13/12/2017,1.43475,1.4113
14/12/2017,1.44918,1.413
15/12/2017,1.45386,1.4075
18/12/2017,1.45533,1.4101
19/12/2017,1.45658,1.4105
20/12/2017,1.45806,1.4103
21/12/2017,1.47538,1.3498
22/12/2017,1.486,1.3498
25/12/2017,1.486,1.3498
26/12/2017,1.486,1.3523
27/12/2017,1.48913,1.3523
28/12/2017,1.48413,1.4135
29/12/2017,1.48038,1.4102
01/01/2018,1.48038,1.4102
02/01/2018,1.48038,1.417
03/01/2018,1.47188,1.4152
04/01/2018,1.46971,1.4202
05/01/2018,1.4697,1.4202
08/01/2018,1.46832,1.4201
09/01/2018,1.46438,1.4186
10/01/2018,1.4647,1.421
11/01/2018,1.46438,1.419
12/01/2018,1.46581,1.419
15/01/2018,1.46596,1.4202
16/01/2018,1.46606,1.421
17/01/2018,1.46534,1.4202
18/01/2018,1.46533,1.4202
19/01/2018,1.46596,1.4209
22/01/2018,1.46586,1.4191
23/01/2018,1.46563,1.4073
24/01/2018,1.465,1.4075
25/01/2018,1.46813,1.412
26/01/2018,1.4675,1.4132
29/01/2018,1.4675,1.4137
30/01/2018,1.46875,1.4283
31/01/2018,1.47011,1.4295
01/02/2018,1.46963,1.4235
02/02/2018,1.46869,1.422
05/02/2018,1.46871,1.4222
06/02/2018,1.46875,1.422
07/02/2018,1.46875,1.4215
08/02/2018,1.46861,1.4215
09/02/2018,1.46938,1.4215
12/02/2018,1.46938,1.4209
13/02/2018,1.47063,1.421
14/02/2018,1.47188,1.421
15/02/2018,1.47063,1.421
16/02/2018,1.47125,1.4232
19/02/2018,1.47313,1.4255
20/02/2018,1.4725,1.4195
21/02/2018,1.47125,1.4103
22/02/2018,1.47125,1.4145
23/02/2018,1.4725,1.4125
26/02/2018,1.47375,1.408
27/02/2018,1.475,1.4225
28/02/2018,1.47875,1.4045
01/03/2018,1.4775,1.4235
02/03/2018,1.47781,1.4235
05/03/2018,1.47813,1.425
06/03/2018,1.47875,1.4275
07/03/2018,1.48219,1.4235
08/03/2018,1.48,1.4235
09/03/2018,1.4825,1.4285
12/03/2018,1.48344,1.422
13/03/2018,1.48875,1.423
14/03/2018,1.51563,1.4605
15/03/2018,1.58906,1.5675
16/03/2018,1.63,1.5709
19/03/2018,1.67734,1.6495
20/03/2018,1.71088,1.6865
21/03/2018,1.73125,1.6909
22/03/2018,1.74163,1.6595
23/03/2018,1.73688,1.6459
26/03/2018,1.73625,1.648
27/03/2018,1.73125,1.649
28/03/2018,1.73875,1.6575
29/03/2018,1.745,1.6852
30/03/2018,1.745,1.6852
02/04/2018,1.745,1.6852
03/04/2018,1.74063,1.6835
04/04/2018,1.74375,1.6885
05/04/2018,1.74375,1.6889
06/04/2018,1.74375,1.689
09/04/2018,1.73938,1.6885
10/04/2018,1.73938,1.6895
11/04/2018,1.73938,1.6875
12/04/2018,1.74,1.6875
13/04/2018,1.73875,1.6875
16/04/2018,1.7425,1.6935
17/04/2018,1.74188,1.696
18/04/2018,1.7425,1.6975
19/04/2018,1.7425,1.6995
20/04/2018,1.7425,1.6873
23/04/2018,1.74375,1.6965
24/04/2018,1.7425,1.6925
25/04/2018,1.7475,1.69
26/04/2018,1.74938,1.6977
27/04/2018,1.75188,1.7064
30/04/2018,1.75,1.7096
01/05/2018,1.75048,1.71
02/05/2018,1.75128,1.7075
03/05/2018,1.75375,1.7039
04/05/2018,1.755,1.7039
07/05/2018,1.755,1.7039
08/05/2018,1.755,1.7085
09/05/2018,1.75375,1.7085
10/05/2018,1.755,1.707
11/05/2018,1.75094,1.7064
14/05/2018,1.755,1.7052
15/05/2018,1.75438,1.705
16/05/2018,1.75063,1.706
17/05/2018,1.75128,1.7045
18/05/2018,1.75125,1.7045
21/05/2018,1.75125,1.7045
22/05/2018,1.75159,1.71
23/05/2018,1.75031,1.706
24/05/2018,1.75,1.7
25/05/2018,1.75469,1.7
28/05/2018,1.75469,1.7035
29/05/2018,1.75438,1.7015
30/05/2018,1.75,1.7035
31/05/2018,1.75156,1.7075
01/06/2018,1.75406,1.7075
04/06/2018,1.75188,1.7025
05/06/2018,1.75188,1.699
06/06/2018,1.77261,1.732
07/06/2018,1.82625,1.8295
08/06/2018,1.85999,1.8224
11/06/2018,1.90688,1.8862
12/06/2018,1.94094,1.9155
13/06/2018,1.955,1.9156
14/06/2018,1.966,1.9115
15/06/2018,1.97188,1.9055
18/06/2018,1.97188,1.908
19/06/2018,1.97438,1.909
20/06/2018,1.97256,1.926
21/06/2018,1.98244,1.9355
22/06/2018,1.98538,1.9305
25/06/2018,1.9875,1.925
26/06/2018,1.98688,1.9255
27/06/2018,1.98106,1.9235
28/06/2018,1.97969,1.92
29/06/2018,1.97906,1.9203
02/07/2018,1.97688,1.92
03/07/2018,1.97306,1.9185
04/07/2018,1.97263,1.9185
05/07/2018,1.97269,1.9188
06/07/2018,1.96875,1.9179
09/07/2018,1.96,1.9152
10/07/2018,1.96163,1.9135
11/07/2018,1.95675,1.9123
12/07/2018,1.96388,1.9128
13/07/2018,1.96463,1.9135
16/07/2018,1.9565,1.9155
17/07/2018,1.94913,1.9128
18/07/2018,1.95213,1.9175
19/07/2018,1.95413,1.9152
20/07/2018,1.95263,1.9152
23/07/2018,1.94938,1.9177
24/07/2018,1.95,1.915
25/07/2018,1.94338,1.9138
26/07/2018,1.95275,1.9188
27/07/2018,1.95325,1.9191
30/07/2018,1.95538,1.9194
31/07/2018,1.95363,1.9178
01/08/2018,1.94525,1.9165
02/08/2018,1.949,1.9135
03/08/2018,1.95025,1.9133
06/08/2018,1.9505,1.9143
07/08/2018,1.95,1.912
08/08/2018,1.95138,1.9115
09/08/2018,1.95425,1.9105
10/08/2018,1.95188,1.9115
13/08/2018,1.95288,1.9115
14/08/2018,1.95163,1.9105
15/08/2018,1.952,1.9095
16/08/2018,1.96006,1.9144
17/08/2018,1.96269,1.9152
20/08/2018,1.95719,1.9153
21/08/2018,1.95325,1.9145
22/08/2018,1.949,1.9165
23/08/2018,1.95513,1.919
24/08/2018,1.959,1.9245
27/08/2018,1.959,1.9193
28/08/2018,1.95675,1.9185
29/08/2018,1.95725,1.9185
30/08/2018,1.95969,1.9202
31/08/2018,1.962,1.9195
03/09/2018,1.95863,1.9202
04/09/2018,1.96238,1.9177
05/09/2018,1.95319,1.9197
06/09/2018,1.961,1.9197
07/09/2018,1.95938,1.9153
10/09/2018,1.96144,1.9165
11/09/2018,1.96188,1.9153
12/09/2018,1.95306,1.916
13/09/2018,1.96531,1.9195
14/09/2018,1.96606,1.92
17/09/2018,1.96713,1.914
18/09/2018,1.97169,1.924
19/09/2018,1.97531,1.965
20/09/2018,2.04063,2.059
21/09/2018,2.085,2.0955
24/09/2018,2.126,2.125
25/09/2018,2.16738,2.167
26/09/2018,2.16263,2.176
27/09/2018,2.19588,2.1791
28/09/2018,2.19863,2.178
01/10/2018,2.20913,2.183
02/10/2018,2.21363,2.186
03/10/2018,2.2065,2.189
04/10/2018,2.204,2.1878
05/10/2018,2.20788,2.1853
08/10/2018,2.207,2.1853
09/10/2018,2.215,2.188
10/10/2018,2.2025,2.184
11/10/2018,2.20888,2.1853
12/10/2018,2.2035,2.184
15/10/2018,2.21931,2.1853
16/10/2018,2.21531,2.1853
17/10/2018,2.20913,2.189
18/10/2018,2.21319,2.1903
19/10/2018,2.214,2.1903
22/10/2018,2.21206,2.1903
23/10/2018,2.21688,2.1903
24/10/2018,2.21031,2.1953
25/10/2018,2.2195,2.1979
26/10/2018,2.21838,2.1978
29/10/2018,2.22625,2.2003
30/10/2018,2.22925,2.2003
31/10/2018,2.21238,2.2005
01/11/2018,2.21788,2.2027
02/11/2018,2.214,2.2012
05/11/2018,2.21425,2.199
06/11/2018,2.21138,2.202
07/11/2018,2.21588,2.2021
08/11/2018,2.21619,2.2019
09/11/2018,2.21913,2.208
12/11/2018,2.2155,2.208
13/11/2018,2.21613,2.2055
14/11/2018,2.20963,2.2035
15/11/2018,2.21125,2.2028
16/11/2018,2.21225,2.2015
19/11/2018,2.21725,2.201
20/11/2018,2.21638,2.2003
21/11/2018,2.221,2.2003
22/11/2018,2.22213,2.2003
23/11/2018,2.22188,2.2003
26/11/2018,2.219,2.2032
27/11/2018,2.23494,2.2035
28/11/2018,2.2245,2.2046
29/11/2018,2.22881,2.2041
30/11/2018,2.22131,2.2066
03/12/2018,2.21619,2.2028
04/12/2018,2.226,2.2028
05/12/2018,2.22606,2.2028
06/12/2018,2.23344,2.2028
07/12/2018,2.21425,2.2116
10/12/2018,2.21025,2.2028
11/12/2018,2.2065,2.2003
12/12/2018,2.21988,2.228
13/12/2018,2.27638,2.3035
14/12/2018,2.28075,2.3338
17/12/2018,2.299,2.3471
18/12/2018,2.369,2.3779
19/12/2018,2.36813,2.4068
20/12/2018,2.40838,2.4064
21/12/2018,2.416,2.4096
24/12/2018,2.41863,2.4096
25/12/2018,2.41863,2.4096
26/12/2018,2.41863,2.4096
27/12/2018,2.41963,2.4061
28/12/2018,2.41588,2.4004
31/12/2018,2.41138,2.4005
01/01/2019,2.41138,2.4005
02/01/2019,2.41475,2.4004
03/01/2019,2.41325,2.4004
04/01/2019,2.40975,2.4012
07/01/2019,2.40513,2.4004
08/01/2019,2.40875,2.4029
09/01/2019,2.414,2.4029
10/01/2019,2.40788,2.4029
11/01/2019,2.407,2.402
14/01/2019,2.39613,2.402
15/01/2019,2.402,2.402
16/01/2019,2.40719,2.4028
17/01/2019,2.40663,2.4044
18/01/2019,2.40613,2.4021
21/01/2019,2.40925,2.4021
22/01/2019,2.40888,2.4029
23/01/2019,2.41438,2.403
24/01/2019,2.4095,2.4028
25/01/2019,2.40275,2.4046
28/01/2019,2.4065,2.4028
29/01/2019,2.41388,2.4029
30/01/2019,2.41475,2.4024
31/01/2019,2.40888,2.4029
01/02/2019,2.40838,2.3979
04/02/2019,2.408,2.3979
05/02/2019,2.41063,2.3979
06/02/2019,2.41238,2.4029
07/02/2019,2.40975,2.3965
08/02/2019,2.40788,2.3955
11/02/2019,2.40813,2.3983
12/02/2019,2.4185,2.4003
13/02/2019,2.41863,2.3975
14/02/2019,2.41513,2.3991
15/02/2019,2.415,2.3991
18/02/2019,2.415,2.397
19/02/2019,2.4095,2.3991
20/02/2019,2.41713,2.4004
21/02/2019,2.40875,2.3989
22/02/2019,2.41013,2.4
25/02/2019,2.40975,2.4013
26/02/2019,2.41388,2.4004
27/02/2019,2.4135,2.4004
28/02/2019,2.40775,2.4004
01/03/2019,2.408,2.3996
04/03/2019,2.40525,2.402
05/03/2019,2.41738,2.4019
06/03/2019,2.41238,2.3996
07/03/2019,2.41025,2.399
08/03/2019,2.40388,2.4004
11/03/2019,2.40375,2.3996
12/03/2019,2.41675,2.3996
13/03/2019,2.41588,2.4004
14/03/2019,2.40938,2.4004
15/03/2019,2.40663,2.4004
18/03/2019,2.40975,2.3989
19/03/2019,2.41238,2.4012
20/03/2019,2.41563,2.401
21/03/2019,2.40738,2.4134
22/03/2019,2.40925,2.4118
25/03/2019,2.41238,2.4114
26/03/2019,2.40763,2.4058
27/03/2019,2.4095,2.4068
28/03/2019,2.405,2.4054
29/03/2019,2.423,2.4055
01/04/2019,2.42125,2.4079
02/04/2019,2.42013,2.4054
03/04/2019,2.413,2.4055
04/04/2019,2.40925,2.4054
05/04/2019,2.4265,2.4064
08/04/2019,2.41375,2.4067
09/04/2019,2.41213,2.4104
10/04/2019,2.41425,2.4092
11/04/2019,2.40775,2.4092
12/04/2019,2.41175,2.4092
15/04/2019,2.4105,2.4092
16/04/2019,2.413,2.4092
17/04/2019,2.4135,2.4092
18/04/2019,2.411,2.4184
19/04/2019,2.411,2.4184
22/04/2019,2.411,2.4304
23/04/2019,2.4175,2.4304
24/04/2019,2.42438,2.4283
25/04/2019,2.416,2.425
26/04/2019,2.43088,2.4226
29/04/2019,2.427,2.4199
30/04/2019,2.42538,2.4177
01/05/2019,2.42663,2.3957
02/05/2019,2.39663,2.404
03/05/2019,2.41088,2.3979
06/05/2019,2.41088,2.3929
07/05/2019,2.40438,2.3904
08/05/2019,2.3955,2.3904
09/05/2019,2.39063,2.3829
10/05/2019,2.3885,2.3754
13/05/2019,2.38688,2.3704
14/05/2019,2.38813,2.3704
15/05/2019,2.38113,2.3804
16/05/2019,2.38463,2.3867
17/05/2019,2.396,2.3841
20/05/2019,2.39413,2.3803
21/05/2019,2.39513,2.3828
22/05/2019,2.39425,2.3828
23/05/2019,2.39625,2.3829
24/05/2019,2.3965,2.3829
27/05/2019,2.3965,2.3829
28/05/2019,2.39088,2.383
29/05/2019,2.38738,2.3886
30/05/2019,2.398,2.393
31/05/2019,2.38925,2.393
03/06/2019,2.38238,2.3949
04/06/2019,2.37775,2.3879
05/06/2019,2.3785,2.3805
06/06/2019,2.3785,2.3869
07/06/2019,2.37638,2.394
10/06/2019,2.3785,2.372
11/06/2019,2.3755,2.3705
12/06/2019,2.3745,2.37
13/06/2019,2.36463,2.3417
14/06/2019,2.37,2.3402
17/06/2019,2.3595,2.3377
18/06/2019,2.3595,2.3298
19/06/2019,2.35675,2.363
20/06/2019,2.38188,2.3783
21/06/2019,2.36875,2.3845
24/06/2019,2.376,2.3836
25/06/2019,2.37175,2.396
26/06/2019,2.38538,2.3863
27/06/2019,2.37188,2.3633
28/06/2019,2.37238,2.3604
01/07/2019,2.3825,2.3704
02/07/2019,2.38813,2.3755
03/07/2019,2.39575,2.381
04/07/2019,2.39563,2.381
05/07/2019,2.377,2.3864
08/07/2019,2.37713,2.3865
09/07/2019,2.38038,2.3854
10/07/2019,2.38425,2.3875
11/07/2019,2.37475,2.3865
12/07/2019,2.38175,2.3865
15/07/2019,2.37475,2.3804
16/07/2019,2.37925,2.3879
17/07/2019,2.37013,2.3955
18/07/2019,2.377,2.398
19/07/2019,2.36938,2.3954
22/07/2019,2.37425,2.3905
23/07/2019,2.37413,2.3904
24/07/2019,2.34913,2.3551
25/07/2019,2.30688,2.233
26/07/2019,2.27313,2.1797
29/07/2019,2.23225,2.1427
30/07/2019,2.19625,2.1055
31/07/2019,2.17625,2.153
01/08/2019,2.18825,2.1516
02/08/2019,2.18013,2.143
05/08/2019,2.16288,2.1278
06/08/2019,2.15463,2.1328
07/08/2019,2.1515,2.1203
08/08/2019,2.149,2.1278
09/08/2019,2.14075,2.1253
12/08/2019,2.14113,2.125
13/08/2019,2.142,2.1282
14/08/2019,2.1385,2.1228
15/08/2019,2.12925,2.1054
16/08/2019,2.11638,2.1228
19/08/2019,2.11738,2.141
20/08/2019,2.13363,2.134
21/08/2019,2.13988,2.1353
22/08/2019,2.12713,2.1353
23/08/2019,2.134,2.1309
26/08/2019,2.134,2.1315
27/08/2019,2.13713,2.1321
28/08/2019,2.13513,2.137
29/08/2019,2.1425,2.12
30/08/2019,2.13663,2.12
02/09/2019,2.1295,2.12
03/09/2019,2.13713,2.13
04/09/2019,2.13163,2.128
05/09/2019,2.12763,2.13
06/09/2019,2.1315,2.135
09/09/2019,2.13263,2.129
10/09/2019,2.12813,2.128
11/09/2019,2.10425,2.09
12/09/2019,2.06488,1.989
13/09/2019,2.02275,1.957
16/09/2019,2.00388,1.957
17/09/2019,1.98375,1.924
18/09/2019,1.97463,1.885
19/09/2019,1.942,1.903
20/09/2019,1.94538,1.916
23/09/2019,1.92925,1.916
24/09/2019,1.91613,1.887
25/09/2019,1.94688,1.925
26/09/2019,1.92975,1.913
27/09/2019,1.91325,1.873
30/09/2019,1.9115,1.863
01/10/2019,1.89275,1.853
02/10/2019,1.89238,1.852
03/10/2019,1.88113,1.859
04/10/2019,1.881,1.848
07/10/2019,1.88313,1.836
08/10/2019,1.8665,1.841
09/10/2019,1.87725,1.842
10/10/2019,1.863,1.838
11/10/2019,1.86575,1.841
14/10/2019,1.866,1.841
15/10/2019,1.85313,1.827
16/10/2019,1.85113,1.845
17/10/2019,1.85263,1.852
18/10/2019,1.84638,1.844
21/10/2019,1.84375,1.853
22/10/2019,1.84513,1.853
23/10/2019,1.83575,1.826
24/10/2019,1.8135,1.721
25/10/2019,1.78625,1.688
28/10/2019,1.75125,1.642
29/10/2019,1.71038,1.603
30/10/2019,1.68,1.585
31/10/2019,1.659,1.585
01/11/2019,1.63163,1.585
04/11/2019,1.62613,1.577
05/11/2019,1.61688,1.578
06/11/2019,1.61338,1.578
07/11/2019,1.61375,1.576
08/11/2019,1.61225,1.573
11/11/2019,1.60638,1.573
12/11/2019,1.59713,1.576
13/11/2019,1.59863,1.568
14/11/2019,1.58088,1.567
15/11/2019,1.57913,1.5591
18/11/2019,1.591,1.565
19/11/2019,1.58775,1.564
20/11/2019,1.58475,1.566
21/11/2019,1.584,1.581
22/11/2019,1.58975,1.572
25/11/2019,1.597,1.577
26/11/2019,1.59813,1.566
27/11/2019,1.58888,1.56
28/11/2019,1.58625,1.56
29/11/2019,1.5865,1.56
02/12/2019,1.57238,1.56
03/12/2019,1.57725,1.5601
04/12/2019,1.58838,1.5517
05/12/2019,1.57475,1.5535
06/12/2019,1.58288,1.547
09/12/2019,1.58288,1.554
10/12/2019,1.58013,1.558
11/12/2019,1.57638,1.557
12/12/2019,1.57038,1.5502
13/12/2019,1.563,1.549
16/12/2019,1.56525,1.544
17/12/2019,1.57613,1.5402
18/12/2019,1.58213,1.543
19/12/2019,1.57525,1.552
20/12/2019,1.57613,1.5515
23/12/2019,1.6025,1.5701
24/12/2019,1.60863,1.57
25/12/2019,1.60863,1.57
26/12/2019,1.60863,1.571
27/12/2019,1.624,1.563
30/12/2019,1.6035,1.553
31/12/2019,1.63,1.55
01/01/2020,1.63,1.55
02/01/2020,1.59338,1.547
03/01/2020,1.58888,1.55
06/01/2020,1.57863,1.549
07/01/2020,1.58613,1.5502
08/01/2020,1.57475,1.5502
09/01/2020,1.562,1.5495
10/01/2020,1.56438,1.5501
13/01/2020,1.566,1.5461
14/01/2020,1.56713,1.55
15/01/2020,1.55888,1.5455
16/01/2020,1.5575,1.539
17/01/2020,1.55575,1.542
20/01/2020,1.56225,1.542
21/01/2020,1.55238,1.544
22/01/2020,1.55325,1.553
23/01/2020,1.56088,1.5655
24/01/2020,1.56175,1.5703
27/01/2020,1.56275,1.565
28/01/2020,1.56075,1.576
29/01/2020,1.5655,1.5928
30/01/2020,1.57613,1.593
31/01/2020,1.58913,1.586
03/02/2020,1.58263,1.59
04/02/2020,1.58538,1.592
05/02/2020,1.58125,1.592
06/02/2020,1.576,1.588
07/02/2020,1.58013,1.588
10/02/2020,1.58375,1.582
11/02/2020,1.5825,1.582
12/02/2020,1.5845,1.5824
13/02/2020,1.58225,1.579
14/02/2020,1.58325,1.5801
17/02/2020,1.58225,1.578
18/02/2020,1.58338,1.577
19/02/2020,1.58238,1.5781
20/02/2020,1.58138,1.5838
21/02/2020,1.58113,1.581
24/02/2020,1.5935,1.5774
25/02/2020,1.57925,1.573
26/02/2020,1.5825,1.58
27/02/2020,1.585,1.56
28/02/2020,1.568,1.58
02/03/2020,1.56125,1.426
03/03/2020,1.53588,1.073
04/03/2020,1.14438,1.108
05/03/2020,1.10938,1.085
06/03/2020,1.07475,1.07
09/03/2020,1.06838,0.88
10/03/2020,1.07125,1.016
11/03/2020,1.0395,0.792
12/03/2020,0.88225,0.494
13/03/2020,0.84725,0.363
16/03/2020,0.63763,0.152
17/03/2020,0.67463,0.19
18/03/2020,0.79375,0.223
19/03/2020,0.76975,0.222
20/03/2020,0.73488,0.14
23/03/2020,0.68713,0.108
24/03/2020,0.68388,0.091
25/03/2020,0.64375,0.066
26/03/2020,0.63813,0.092
27/03/2020,0.61188,0.073
30/03/2020,0.58888,0.071
31/03/2020,0.49913,0.073
01/04/2020,0.42863,0.072
02/04/2020,0.40188,0.069
03/04/2020,0.29988,0.055
06/04/2020,0.29188,0.054
07/04/2020,0.29375,0.053
08/04/2020,0.246,0.055
09/04/2020,0.23375,0.048
10/04/2020,0.23375,0.048
13/04/2020,0.23375,0.055
14/04/2020,0.22388,0.049
15/04/2020,0.2135,0.052
16/04/2020,0.20813,0.051
17/04/2020,0.1805,0.0491
20/04/2020,0.189,0.05
21/04/2020,0.16875,0.042
22/04/2020,0.13338,0.049
23/04/2020,0.14138,0.063
24/04/2020,0.15663,0.066
27/04/2020,0.16513,0.071
28/04/2020,0.1365,0.072
29/04/2020,0.14788,0.0439
30/04/2020,0.13188,0.043
01/05/2020,0.11588,0.045
04/05/2020,0.10163,0.0437
05/05/2020,0.11475,0.045
06/05/2020,0.10463,0.0465
07/05/2020,0.11075,0.0525
08/05/2020,0.11075,0.0525
11/05/2020,0.0955,0.055
12/05/2020,0.10025,0.055
13/05/2020,0.10075,0.055
14/05/2020,0.10588,0.0525
15/05/2020,0.09838,0.054
18/05/2020,0.1,0.056
19/05/2020,0.093,0.0551
20/05/2020,0.09425,0.053
21/05/2020,0.0935,0.0535
22/05/2020,0.092,0.0518
25/05/2020,0.092,0.0554
26/05/2020,0.09488,0.0543
27/05/2020,0.08825,0.0534
28/05/2020,0.0915,0.05
29/05/2020,0.09163,0.05
01/06/2020,0.09775,0.0501
02/06/2020,0.09175,0.05
03/06/2020,0.08863,0.0595
04/06/2020,0.095,0.065
05/06/2020,0.09613,0.0653
08/06/2020,0.09713,0.08
09/06/2020,0.1045,0.0799
10/06/2020,0.10463,0.081
11/06/2020,0.105,0.1
12/06/2020,0.11038,0.09
15/06/2020,0.111,0.0963
16/06/2020,0.1125,0.0938
17/06/2020,0.11275,0.0913
18/06/2020,0.1125,0.088
19/06/2020,0.1125,0.0885
22/06/2020,0.10563,0.089
23/06/2020,0.1085,0.0804
24/06/2020,0.10388,0.077
25/06/2020,0.10663,0.0775
26/06/2020,0.10725,0.0754
29/06/2020,0.105,0.072
30/06/2020,0.09663,0.0725
01/07/2020,0.10338,0.074
02/07/2020,0.1015,0.079
03/07/2020,0.10913,0.079
06/07/2020,0.11325,0.083
07/07/2020,0.112,0.086
08/07/2020,0.11125,0.085
09/07/2020,0.10938,0.083
10/07/2020,0.10438,0.0845
13/07/2020,0.11138,0.092
14/07/2020,0.11225,0.0913
15/07/2020,0.1185,0.0915
16/07/2020,0.11163,0.09
17/07/2020,0.114,0.0925
20/07/2020,0.11275,0.09
21/07/2020,0.1125,0.094
22/07/2020,0.11963,0.092
23/07/2020,0.11538,0.086
24/07/2020,0.11075,0.0818
27/07/2020,0.1085,0.082
28/07/2020,0.11063,0.0775
29/07/2020,0.1085,0.0844
30/07/2020,0.10775,0.0815
31/07/2020,0.10675,0.0795
03/08/2020,0.11238,0.08
04/08/2020,0.1095,0.0855
05/08/2020,0.111,0.085
06/08/2020,0.11125,0.085
07/08/2020,0.112,0.086
10/08/2020,0.10825,0.09
11/08/2020,0.11125,0.09
12/08/2020,0.117,0.09
13/08/2020,0.11688,0.09
14/08/2020,0.10963,0.09
17/08/2020,0.11538,0.0928
18/08/2020,0.12163,0.09
19/08/2020,0.11488,0.088
20/08/2020,0.11238,0.0863
21/08/2020,0.10663,0.086
24/08/2020,0.10488,0.085
25/08/2020,0.1125,0.086
26/08/2020,0.11363,0.0891
27/08/2020,0.1125,0.0865
28/08/2020,0.10825,0.0863
31/08/2020,0.10825,0.0925
01/09/2020,0.10675,0.0863
02/09/2020,0.10313,0.0888
03/09/2020,0.1025,0.096
04/09/2020,0.1095,0.098
07/09/2020,0.10675,0.107
08/09/2020,0.10875,0.1
09/09/2020,0.1125,0.0954
10/09/2020,0.10825,0.09
11/09/2020,0.10325,0.0927
14/09/2020,0.10688,0.0913
15/09/2020,0.106,0.0882
16/09/2020,0.10263,0.0895
17/09/2020,0.1035,0.0925
18/09/2020,0.10025,0.09
21/09/2020,0.11088,0.0888
22/09/2020,0.09963,0.0892
23/09/2020,0.10238,0.0883
24/09/2020,0.10563,0.0863
25/09/2020,0.10025,0.0848
28/09/2020,0.106,0.085
29/09/2020,0.10388,0.0825
30/09/2020,0.0965,0.0825
01/10/2020,0.096,0.0825
02/10/2020,0.09275,0.083
05/10/2020,0.09663,0.084
06/10/2020,0.09938,0.0835
07/10/2020,0.09925,0.0872
08/10/2020,0.09575,0.0863
09/10/2020,0.09488,0.088
12/10/2020,0.09688,0.088
13/10/2020,0.0965,0.0877
14/10/2020,0.09988,0.0872
15/10/2020,0.1015,0.089
16/10/2020,0.10075,0.088
19/10/2020,0.10663,0.089
20/10/2020,0.1035,0.0885
21/10/2020,0.10838,0.0887
22/10/2020,0.10275,0.089
23/10/2020,0.10275,0.088
26/10/2020,0.1025,0.084
27/10/2020,0.09375,0.0816
28/10/2020,0.0995,0.085
29/10/2020,0.10513,0.085
30/10/2020,0.10363,0.085
02/11/2020,0.10438,0.0875
03/11/2020,0.1035,0.087
04/11/2020,0.10213,0.0869
05/11/2020,0.10475,0.088
06/11/2020,0.1025,0.088
09/11/2020,0.10188,0.088
10/11/2020,0.1065,0.088
11/11/2020,0.10088,0.088
12/11/2020,0.10138,0.088
13/11/2020,0.10463,0.0875
16/11/2020,0.10075,0.0876
17/11/2020,0.102,0.0895
18/11/2020,0.10288,0.089
19/11/2020,0.10288,0.0855
20/11/2020,0.09663,0.0835
23/11/2020,0.10125,0.0851
24/11/2020,0.09513,0.085
25/11/2020,0.095,0.084
26/11/2020,0.09213,0.088
27/11/2020,0.09288,0.0845
30/11/2020,0.09575,0.0835
01/12/2020,0.10088,0.084
02/12/2020,0.10325,0.087
03/12/2020,0.10338,0.0865
04/12/2020,0.09513,0.0865
07/12/2020,0.09775,0.0901
08/12/2020,0.10663,0.0875
09/12/2020,0.10525,0.0875
10/12/2020,0.10363,0.088
11/12/2020,0.09938,0.0865
14/12/2020,0.09825,0.086
15/12/2020,0.102,0.086
16/12/2020,0.10075,0.089
17/12/2020,0.10138,0.0919
18/12/2020,0.10113,0.0913
21/12/2020,0.09638,0.0915
22/12/2020,0.101,0.0905
23/12/2020,0.10013,0.09
24/12/2020,0.09788,0.09
25/12/2020,0.09788,0.073
28/12/2020,0.09788,0.0851
29/12/2020,0.10225,0.09
30/12/2020,0.09463,0.0825
31/12/2020,0.09575,0.0845
01/01/2021,0.09575,0.082
04/01/2021,0.09725,0.084
05/01/2021,0.10288,0.085
06/01/2021,0.10288,0.085
07/01/2021,0.102,0.0865
08/01/2021,0.10213,0.0865
11/01/2021,0.09888,0.0881
12/01/2021,0.10163,0.087
13/01/2021,0.09788,0.089
14/01/2021,0.09825,0.086
15/01/2021,0.10063,0.0855
18/01/2021,0.1005,0.085
19/01/2021,0.09863,0.085
20/01/2021,0.10063,0.0843
21/01/2021,0.097,0.084
22/01/2021,0.09813,0.0825
25/01/2021,0.09688,0.0793
26/01/2021,0.09163,0.0752
27/01/2021,0.09975,0.075
28/01/2021,0.09175,0.0751
29/01/2021,0.09338,0.061
01/02/2021,0.08313,0.065
02/02/2021,0.085,0.071
03/02/2021,0.095,0.0688
04/02/2021,0.09563,0.0635
05/02/2021,0.08913,0.0625
08/02/2021,0.08163,0.066
09/02/2021,0.08538,0.0685
10/02/2021,0.0905,0.0695
11/02/2021,0.08663,0.069
12/02/2021,0.09125,0.068
15/02/2021,0.08975,0.07
16/02/2021,0.08638,0.065
17/02/2021,0.0865,0.0665
18/02/2021,0.08325,0.068
19/02/2021,0.0885,0.0655
22/02/2021,0.08988,0.0675
23/02/2021,0.09025,0.0654
24/02/2021,0.09275,0.0646
25/02/2021,0.08363,0.0626
26/02/2021,0.089,0.07
01/03/2021,0.08625,0.07
02/03/2021,0.08463,0.07
03/03/2021,0.09038,0.07
04/03/2021,0.08638,0.07
05/03/2021,0.08813,0.0695
08/03/2021,0.08513,0.07
09/03/2021,0.08813,0.07
10/03/2021,0.08663,0.07
11/03/2021,0.08438,0.0684
12/03/2021,0.08438,0.068
15/03/2021,0.08963,0.0677
16/03/2021,0.08488,0.07
17/03/2021,0.08875,0.0652
18/03/2021,0.08188,0.064
19/03/2021,0.08125,0.0637
22/03/2021,0.07913,0.064
23/03/2021,0.08088,0.0695
24/03/2021,0.09163,0.0695
25/03/2021,0.08488,0.0675
26/03/2021,0.08463,0.0641
29/03/2021,0.08188,0.0651
30/03/2021,0.08625,0.065
31/03/2021,0.0875,0.0626
01/04/2021,0.08488,0.062
02/04/2021,0.08488,0.0625
05/04/2021,0.08488,0.0635
06/04/2021,0.08613,0.0637
07/04/2021,0.08588,0.068
08/04/2021,0.08525,0.066
09/04/2021,0.08663,0.065
12/04/2021,0.07888,0.0645
13/04/2021,0.08225,0.0652
14/04/2021,0.08675,0.0679
15/04/2021,0.08388,0.0685
16/04/2021,0.08788,0.0693
19/04/2021,0.08113,0.0679
20/04/2021,0.08538,0.068
21/04/2021,0.08475,0.0702
22/04/2021,0.08738,0.0743
23/04/2021,0.08525,0.0764
26/04/2021,0.08425,0.077
27/04/2021,0.0865,0.0775
28/04/2021,0.0865,0.0697
29/04/2021,0.0865,0.069
